/*
 Navicat MySQL Dump SQL

 Source Server         : localhost_3306
 Source Server Type    : MySQL
 Source Server Version : 80037 (8.0.37)
 Source Host           : localhost:3306
 Source Schema         : mamibus

 Target Server Type    : MySQL
 Target Server Version : 80037 (8.0.37)
 File Encoding         : 65001

 Date: 29/06/2024 00:27:01
*/

SET NAMES utf8mb4;
SET FOREIGN_KEY_CHECKS = 0;

-- ----------------------------
-- Table structure for coupons
-- ----------------------------
DROP TABLE IF EXISTS `coupons`;
CREATE TABLE `coupons` (
  `id` char(36) CHARACTER SET utf8mb4 COLLATE utf8mb4_bin NOT NULL COMMENT '卡券ID',
  `coupon_name` varchar(255) DEFAULT NULL COMMENT '卡券名称',
  `coupon_type` enum('times','prepaid','deduction') NOT NULL COMMENT 'times 次卡、prepaid 储值卡、deduction: 抵扣券',
  `amount` int DEFAULT '0' COMMENT '卡券金额',
  `times` int DEFAULT '0' COMMENT '使用次数',
  `expire_type` enum('fix','flex') NOT NULL COMMENT '过期类型（fix:固定时间，flex：领取后{expireDay}过期）',
  `begin_time` datetime DEFAULT NULL COMMENT '开始生效时间',
  `end_time` datetime DEFAULT NULL COMMENT '到期时间',
  `expire_day` int DEFAULT NULL COMMENT '领取{expireDay}天过期',
  `description` text COMMENT '卡券描述',
  `applicable_stores` json DEFAULT NULL COMMENT '适用店铺',
  `remark` varchar(255) DEFAULT NULL COMMENT '备注',
  `status` int NOT NULL DEFAULT '1' COMMENT '状态（0:禁用，1：正常）',
  `org_id` char(36) CHARACTER SET utf8mb4 COLLATE utf8mb4_bin DEFAULT NULL COMMENT '所属组织id',
  `created_time` datetime NOT NULL,
  `updated_time` datetime NOT NULL,
  PRIMARY KEY (`id`)
) ENGINE=InnoDB DEFAULT CHARSET=utf8mb4 COLLATE=utf8mb4_0900_ai_ci COMMENT='卡券';

-- ----------------------------
-- Records of coupons
-- ----------------------------
BEGIN;
INSERT INTO `coupons` (`id`, `coupon_name`, `coupon_type`, `amount`, `times`, `expire_type`, `begin_time`, `end_time`, `expire_day`, `description`, `applicable_stores`, `remark`, `status`, `org_id`, `created_time`, `updated_time`) VALUES ('52fc2df1-a6a6-4400-bc09-3dd00f658a3d', '10000', 'prepaid', 100, 0, 'flex', NULL, NULL, 100, NULL, '[\"20aba767-5313-4eae-9319-a132654f0073\", \"daea90fb-4717-43d1-a2f5-a522f43f05d9\"]', '111', 1, '0d4b8083-72a8-4ec6-9365-b11ba32a1882', '2024-06-27 21:04:16', '2024-06-27 21:04:16');
INSERT INTO `coupons` (`id`, `coupon_name`, `coupon_type`, `amount`, `times`, `expire_type`, `begin_time`, `end_time`, `expire_day`, `description`, `applicable_stores`, `remark`, `status`, `org_id`, `created_time`, `updated_time`) VALUES ('c420d267-c9ad-4574-bb70-445c72c7a0f8', 'times card', 'times', 0, 10, 'flex', NULL, NULL, 10, NULL, NULL, NULL, 1, '739d9e0c-b570-4bfc-a75b-67c4be1b1af7', '2024-06-28 11:37:52', '2024-06-28 11:37:52');
COMMIT;

-- ----------------------------
-- Table structure for customer
-- ----------------------------
DROP TABLE IF EXISTS `customer`;
CREATE TABLE `customer` (
  `id` char(36) CHARACTER SET utf8mb4 COLLATE utf8mb4_bin NOT NULL COMMENT '用户id',
  `user_name` varchar(20) NOT NULL COMMENT '用户名称',
  `email` varchar(50) DEFAULT NULL COMMENT '电子邮箱',
  `phone` varchar(11) NOT NULL COMMENT '电话号码',
  `avatar_url` varchar(200) DEFAULT NULL COMMENT '用户头像',
  `sex` enum('0','1','2') DEFAULT NULL COMMENT '用户性别(0:女,1:男,2:隐私)',
  `amount` float NOT NULL DEFAULT '0' COMMENT '余额',
  `point` int NOT NULL DEFAULT '0' COMMENT '积分',
  `status` int DEFAULT '1' COMMENT '用户状态（0:禁用，1：正常）',
  `deal` int DEFAULT '1' COMMENT '成交状态（0:潜在客户，1：已成交）',
  `anniversary` datetime DEFAULT NULL COMMENT '纪念日',
  `cards_id` json DEFAULT NULL COMMENT '用户当前办理的卡列表',
  `address` varchar(200) DEFAULT NULL COMMENT '家庭地址',
  `visit_store_num` int DEFAULT '0' COMMENT '到店次数',
  `last_visit_store_time` datetime DEFAULT NULL COMMENT '上次到店时间',
  `org_id` char(36) CHARACTER SET utf8mb4 COLLATE utf8mb4_bin NOT NULL COMMENT '组织ID',
  `next_visit_store_time` datetime DEFAULT NULL COMMENT '下次预计到店时间',
  `created_time` datetime NOT NULL,
  `updated_time` datetime NOT NULL,
  PRIMARY KEY (`id`)
) ENGINE=InnoDB DEFAULT CHARSET=utf8mb4 COLLATE=utf8mb4_0900_ai_ci COMMENT='客户列表';

-- ----------------------------
-- Records of customer
-- ----------------------------
BEGIN;
INSERT INTO `customer` (`id`, `user_name`, `email`, `phone`, `avatar_url`, `sex`, `amount`, `point`, `status`, `deal`, `anniversary`, `cards_id`, `address`, `visit_store_num`, `last_visit_store_time`, `org_id`, `next_visit_store_time`, `created_time`, `updated_time`) VALUES ('9ed2961f-7774-445f-930c-4fdfc0a33964', '泉州店创建的客户', '418631670@qq.com', '16620096151', NULL, '1', 0, 0, 1, 1, NULL, NULL, 'new york', 0, NULL, '0d4b8083-72a8-4ec6-9365-b11ba32a1882', NULL, '2024-06-27 20:48:54', '2024-06-27 20:48:54');
INSERT INTO `customer` (`id`, `user_name`, `email`, `phone`, `avatar_url`, `sex`, `amount`, `point`, `status`, `deal`, `anniversary`, `cards_id`, `address`, `visit_store_num`, `last_visit_store_time`, `org_id`, `next_visit_store_time`, `created_time`, `updated_time`) VALUES ('a2de6b65-e797-4940-8464-d05a75f7fb79', 'ssd kh', '418631670@qq.com', '16620096151', NULL, '1', 0, 0, 1, 1, NULL, NULL, 'new york', 0, NULL, '5d1f4173-f311-4dfb-885d-46f666f7880c', NULL, '2024-06-27 20:51:25', '2024-06-27 20:51:25');
COMMIT;

-- ----------------------------
-- Table structure for customer_comments
-- ----------------------------
DROP TABLE IF EXISTS `customer_comments`;
CREATE TABLE `customer_comments` (
  `id` int NOT NULL AUTO_INCREMENT COMMENT '评论ID',
  `customer_id` char(36) CHARACTER SET utf8mb4 COLLATE utf8mb4_bin NOT NULL COMMENT '用户 ID',
  `content` varchar(50) NOT NULL COMMENT '评论内容',
  `from_uid` char(36) CHARACTER SET utf8mb4 COLLATE utf8mb4_bin NOT NULL COMMENT '评论者ID',
  `org_id` char(36) CHARACTER SET utf8mb4 COLLATE utf8mb4_bin DEFAULT NULL COMMENT '组织ID',
  `created_time` datetime NOT NULL,
  `updated_time` datetime NOT NULL,
  PRIMARY KEY (`id`),
  KEY `customer_id` (`customer_id`),
  KEY `from_uid` (`from_uid`),
  CONSTRAINT `customer_comments_ibfk_1` FOREIGN KEY (`customer_id`) REFERENCES `customer` (`id`) ON UPDATE CASCADE,
  CONSTRAINT `customer_comments_ibfk_2` FOREIGN KEY (`from_uid`) REFERENCES `xmw_user` (`user_id`) ON UPDATE CASCADE
) ENGINE=InnoDB DEFAULT CHARSET=utf8mb4 COLLATE=utf8mb4_0900_ai_ci COMMENT='客户评论';

-- ----------------------------
-- Records of customer_comments
-- ----------------------------
BEGIN;
COMMIT;

-- ----------------------------
-- Table structure for members_coupons
-- ----------------------------
DROP TABLE IF EXISTS `members_coupons`;
CREATE TABLE `members_coupons` (
  `id` int NOT NULL AUTO_INCREMENT COMMENT '主键ID',
  `customer_id` char(36) CHARACTER SET utf8mb4 COLLATE utf8mb4_bin NOT NULL COMMENT '用户 ID',
  `write_off_code` char(36) CHARACTER SET utf8mb4 COLLATE utf8mb4_bin DEFAULT NULL COMMENT '核销码',
  `coupons_id` char(36) CHARACTER SET utf8mb4 COLLATE utf8mb4_bin NOT NULL COMMENT '卡券 ID',
  `balance` int DEFAULT NULL COMMENT '余额',
  `remaining_times` int DEFAULT NULL COMMENT '剩余次数',
  `status` int NOT NULL DEFAULT '0' COMMENT '核销状态（0:未核销，1：已核销，2：部分核销）',
  `expire_time` datetime DEFAULT NULL COMMENT '过期时间',
  `org_id` char(36) CHARACTER SET utf8mb4 COLLATE utf8mb4_bin DEFAULT NULL COMMENT '组织ID',
  `create_store` char(36) CHARACTER SET utf8mb4 COLLATE utf8mb4_bin DEFAULT NULL COMMENT '所属门店 ID',
  `created_time` datetime NOT NULL,
  `updated_time` datetime NOT NULL,
  PRIMARY KEY (`id`),
  KEY `customer_id` (`customer_id`),
  KEY `coupons_id` (`coupons_id`),
  KEY `create_store` (`create_store`),
  CONSTRAINT `members_coupons_ibfk_1` FOREIGN KEY (`customer_id`) REFERENCES `customer` (`id`) ON UPDATE CASCADE,
  CONSTRAINT `members_coupons_ibfk_2` FOREIGN KEY (`coupons_id`) REFERENCES `coupons` (`id`) ON UPDATE CASCADE,
  CONSTRAINT `members_coupons_ibfk_3` FOREIGN KEY (`create_store`) REFERENCES `store` (`id`) ON UPDATE CASCADE
) ENGINE=InnoDB AUTO_INCREMENT=3 DEFAULT CHARSET=utf8mb4 COLLATE=utf8mb4_0900_ai_ci COMMENT='会员卡券';

-- ----------------------------
-- Records of members_coupons
-- ----------------------------
BEGIN;
INSERT INTO `members_coupons` (`id`, `customer_id`, `write_off_code`, `coupons_id`, `balance`, `remaining_times`, `status`, `expire_time`, `org_id`, `create_store`, `created_time`, `updated_time`) VALUES (1, '9ed2961f-7774-445f-930c-4fdfc0a33964', '0d63df0a-7a62-4538-b324-225c27cbe4bc', '52fc2df1-a6a6-4400-bc09-3dd00f658a3d', 74, 0, 2, '2024-10-05 21:14:11', NULL, NULL, '2024-06-27 21:14:11', '2024-06-28 11:06:10');
INSERT INTO `members_coupons` (`id`, `customer_id`, `write_off_code`, `coupons_id`, `balance`, `remaining_times`, `status`, `expire_time`, `org_id`, `create_store`, `created_time`, `updated_time`) VALUES (2, 'a2de6b65-e797-4940-8464-d05a75f7fb79', 'b5bc338b-5089-4d0c-bf50-6b6898813a4c', 'c420d267-c9ad-4574-bb70-445c72c7a0f8', 0, 9, 2, '2024-07-08 11:38:06', NULL, NULL, '2024-06-28 11:38:06', '2024-06-28 11:38:18');
COMMIT;

-- ----------------------------
-- Table structure for store
-- ----------------------------
DROP TABLE IF EXISTS `store`;
CREATE TABLE `store` (
  `id` char(36) CHARACTER SET utf8mb4 COLLATE utf8mb4_bin NOT NULL COMMENT '主键id',
  `shop` char(36) CHARACTER SET utf8mb4 COLLATE utf8mb4_bin DEFAULT NULL COMMENT '所属商户',
  `store_name` varchar(20) NOT NULL COMMENT '店铺名称',
  `address` varchar(200) NOT NULL COMMENT '店铺地址',
  `phone` varchar(255) DEFAULT NULL COMMENT '联系方式',
  `store_manager` varchar(20) DEFAULT NULL COMMENT '店铺管理员',
  `status` int NOT NULL DEFAULT '1' COMMENT '店铺状态（0:禁用，1：正常）',
  `created_time` datetime NOT NULL,
  `updated_time` datetime NOT NULL,
  PRIMARY KEY (`id`)
) ENGINE=InnoDB DEFAULT CHARSET=utf8mb4 COLLATE=utf8mb4_0900_ai_ci COMMENT='店铺列表';

-- ----------------------------
-- Records of store
-- ----------------------------
BEGIN;
INSERT INTO `store` (`id`, `shop`, `store_name`, `address`, `phone`, `store_manager`, `status`, `created_time`, `updated_time`) VALUES ('20aba767-5313-4eae-9319-a132654f0073', NULL, '妈咪巴士-泉州店', '福建省泉州市人民路188号', '16620096151', 'WY', 1, '2024-06-18 21:04:04', '2024-06-18 21:04:04');
INSERT INTO `store` (`id`, `shop`, `store_name`, `address`, `phone`, `store_manager`, `status`, `created_time`, `updated_time`) VALUES ('daea90fb-4717-43d1-a2f5-a522f43f05d9', NULL, '福州店', 'XXXXXXXXX', '16620096151', 'WY', 1, '2024-06-18 22:11:07', '2024-06-18 22:11:07');
COMMIT;

-- ----------------------------
-- Table structure for write_off_coupons_log
-- ----------------------------
DROP TABLE IF EXISTS `write_off_coupons_log`;
CREATE TABLE `write_off_coupons_log` (
  `log_id` char(36) CHARACTER SET utf8mb4 COLLATE utf8mb4_bin NOT NULL COMMENT '核销流水ID',
  `member_coupon_id` int NOT NULL COMMENT '所核销的会员卡券ID',
  `write_off_amount` int DEFAULT NULL COMMENT '本次核销的金额',
  `balance` int DEFAULT NULL COMMENT '本次核销后剩余金额',
  `write_off_times` int DEFAULT NULL COMMENT '本次核销的次数',
  `remaining_times` int DEFAULT NULL COMMENT '本次核销后剩余次数',
  `remark` text COMMENT '备注信息',
  `status` int NOT NULL DEFAULT '0' COMMENT '状态（0:核销，1：撤销)',
  `operator` char(36) CHARACTER SET utf8mb4 COLLATE utf8mb4_bin NOT NULL COMMENT '操作人ID',
  `created_time` datetime NOT NULL,
  `updated_time` datetime NOT NULL,
  PRIMARY KEY (`log_id`),
  KEY `member_coupon_id` (`member_coupon_id`),
  KEY `operator` (`operator`),
  CONSTRAINT `write_off_coupons_log_ibfk_1` FOREIGN KEY (`member_coupon_id`) REFERENCES `members_coupons` (`id`) ON UPDATE CASCADE,
  CONSTRAINT `write_off_coupons_log_ibfk_2` FOREIGN KEY (`operator`) REFERENCES `xmw_user` (`user_id`) ON UPDATE CASCADE
) ENGINE=InnoDB DEFAULT CHARSET=utf8mb4 COLLATE=utf8mb4_0900_ai_ci COMMENT='卡券核销日志';

-- ----------------------------
-- Records of write_off_coupons_log
-- ----------------------------
BEGIN;
INSERT INTO `write_off_coupons_log` (`log_id`, `member_coupon_id`, `write_off_amount`, `balance`, `write_off_times`, `remaining_times`, `remark`, `status`, `operator`, `created_time`, `updated_time`) VALUES ('395adc80-9c6c-4608-bdaf-d687bce236d3', 1, 10, 74, NULL, NULL, '123123', 0, '7990a3ba-ca50-478f-8ece-05c84fa9b32d', '2024-06-28 11:06:10', '2024-06-28 11:06:10');
INSERT INTO `write_off_coupons_log` (`log_id`, `member_coupon_id`, `write_off_amount`, `balance`, `write_off_times`, `remaining_times`, `remark`, `status`, `operator`, `created_time`, `updated_time`) VALUES ('549b52ff-c126-4636-8986-2eab34921517', 1, 1, 84, NULL, NULL, '11', 0, 'bf75a509-f90e-4a29-8bf7-470b581550f6', '2024-06-28 01:30:07', '2024-06-28 01:30:07');
INSERT INTO `write_off_coupons_log` (`log_id`, `member_coupon_id`, `write_off_amount`, `balance`, `write_off_times`, `remaining_times`, `remark`, `status`, `operator`, `created_time`, `updated_time`) VALUES ('889b5cc7-715f-40e1-a213-61c260e2f374', 2, NULL, NULL, 1, 9, '111', 0, 'bf75a509-f90e-4a29-8bf7-470b581550f6', '2024-06-28 11:38:18', '2024-06-28 11:38:18');
COMMIT;

-- ----------------------------
-- Table structure for xmw_already
-- ----------------------------
DROP TABLE IF EXISTS `xmw_already`;
CREATE TABLE `xmw_already` (
  `id` char(36) CHARACTER SET utf8mb4 COLLATE utf8mb4_bin NOT NULL COMMENT '主键id',
  `announcement_id` char(36) CHARACTER SET utf8mb4 COLLATE utf8mb4_bin NOT NULL COMMENT '活动公告 id',
  `user_id` char(36) CHARACTER SET utf8mb4 COLLATE utf8mb4_bin NOT NULL COMMENT '用户 id',
  `created_time` datetime NOT NULL,
  `updated_time` datetime NOT NULL,
  PRIMARY KEY (`id`) USING BTREE,
  KEY `announcement_id` (`announcement_id`) USING BTREE,
  CONSTRAINT `xmw_already_ibfk_1` FOREIGN KEY (`announcement_id`) REFERENCES `xmw_announcement` (`announcement_id`) ON DELETE RESTRICT ON UPDATE CASCADE
) ENGINE=InnoDB DEFAULT CHARSET=utf8mb4 COLLATE=utf8mb4_0900_ai_ci ROW_FORMAT=DYNAMIC;

-- ----------------------------
-- Records of xmw_already
-- ----------------------------
BEGIN;
COMMIT;

-- ----------------------------
-- Table structure for xmw_announcement
-- ----------------------------
DROP TABLE IF EXISTS `xmw_announcement`;
CREATE TABLE `xmw_announcement` (
  `announcement_id` char(36) CHARACTER SET utf8mb4 COLLATE utf8mb4_bin NOT NULL COMMENT '活动公告id',
  `user_id` char(36) CHARACTER SET utf8mb4 COLLATE utf8mb4_bin NOT NULL COMMENT '作者id',
  `title` varchar(100) CHARACTER SET utf8mb4 COLLATE utf8mb4_0900_ai_ci NOT NULL COMMENT '标题',
  `content` text CHARACTER SET utf8mb4 COLLATE utf8mb4_0900_ai_ci NOT NULL COMMENT '内容',
  `type` enum('1','2','3','4') CHARACTER SET utf8mb4 COLLATE utf8mb4_0900_ai_ci NOT NULL COMMENT '类型(1:公告,2:活动,3:消息,4:通知)',
  `status` int NOT NULL DEFAULT '1' COMMENT '状态（0:禁用，1：开启）',
  `pinned` int NOT NULL DEFAULT '1' COMMENT '是否置顶（0:否，1：是）',
  `created_time` datetime NOT NULL,
  `updated_time` datetime NOT NULL,
  PRIMARY KEY (`announcement_id`) USING BTREE,
  KEY `user_id` (`user_id`) USING BTREE,
  CONSTRAINT `xmw_announcement_ibfk_1` FOREIGN KEY (`user_id`) REFERENCES `xmw_user` (`user_id`) ON DELETE RESTRICT ON UPDATE CASCADE
) ENGINE=InnoDB DEFAULT CHARSET=utf8mb4 COLLATE=utf8mb4_0900_ai_ci ROW_FORMAT=DYNAMIC;

-- ----------------------------
-- Records of xmw_announcement
-- ----------------------------
BEGIN;
COMMIT;

-- ----------------------------
-- Table structure for xmw_international
-- ----------------------------
DROP TABLE IF EXISTS `xmw_international`;
CREATE TABLE `xmw_international` (
  `id` char(36) CHARACTER SET utf8mb4 COLLATE utf8mb4_0900_ai_ci NOT NULL COMMENT '国际化id',
  `name` varchar(32) CHARACTER SET utf8mb4 COLLATE utf8mb4_0900_ai_ci NOT NULL COMMENT '国际化字段',
  `parent_id` char(36) CHARACTER SET utf8mb4 COLLATE utf8mb4_0900_ai_ci DEFAULT NULL COMMENT '父级id',
  `zh-CN` varchar(200) CHARACTER SET utf8mb4 COLLATE utf8mb4_0900_ai_ci DEFAULT NULL COMMENT '中文',
  `en-US` varchar(500) CHARACTER SET utf8mb4 COLLATE utf8mb4_0900_ai_ci DEFAULT NULL COMMENT '英文',
  `ja-JP` varchar(200) CHARACTER SET utf8mb4 COLLATE utf8mb4_0900_ai_ci DEFAULT NULL COMMENT '日文',
  `zh-TW` varchar(200) CHARACTER SET utf8mb4 COLLATE utf8mb4_0900_ai_ci DEFAULT NULL COMMENT '繁体中文',
  `founder` char(36) CHARACTER SET utf8mb4 COLLATE utf8mb4_0900_ai_ci NOT NULL COMMENT '创建人',
  `sort` int NOT NULL COMMENT '排序',
  `created_time` datetime NOT NULL DEFAULT CURRENT_TIMESTAMP COMMENT '创建时间',
  `updated_time` datetime NOT NULL DEFAULT CURRENT_TIMESTAMP ON UPDATE CURRENT_TIMESTAMP COMMENT '最后一次更新时间',
  PRIMARY KEY (`id`) USING BTREE
) ENGINE=InnoDB DEFAULT CHARSET=utf8mb4 COLLATE=utf8mb4_0900_ai_ci ROW_FORMAT=DYNAMIC;

-- ----------------------------
-- Records of xmw_international
-- ----------------------------
BEGIN;
INSERT INTO `xmw_international` (`id`, `name`, `parent_id`, `zh-CN`, `en-US`, `ja-JP`, `zh-TW`, `founder`, `sort`, `created_time`, `updated_time`) VALUES ('00728462-5781-4f7b-ba64-812a4e9d2d59', 'created_time', '234ca5d3-d0e3-4525-9d39-e500745ba791', '创建时间', 'Creation time', '作成時間', '創建時間', 'bf75a509-f90e-4a29-8bf7-470b581550f6', 1, '2022-09-18 14:09:26', '2022-11-30 10:54:08');
INSERT INTO `xmw_international` (`id`, `name`, `parent_id`, `zh-CN`, `en-US`, `ja-JP`, `zh-TW`, `founder`, `sort`, `created_time`, `updated_time`) VALUES ('013dbf13-9683-42ef-a791-929d2e69e698', 'rules', 'be72ba21-a54c-4799-babc-cc25728275e4', '电子邮箱地址格式不正确！', 'Email address format is incorrect!', 'eメールアドレスの書式が正しくありません!', '電子郵箱地址格式不正確！', 'bf75a509-f90e-4a29-8bf7-470b581550f6', 1, '2022-10-08 16:13:07', '2022-11-30 10:54:08');
INSERT INTO `xmw_international` (`id`, `name`, `parent_id`, `zh-CN`, `en-US`, `ja-JP`, `zh-TW`, `founder`, `sort`, `created_time`, `updated_time`) VALUES ('01d60ff3-b809-43c6-b30d-21ceb9a02955', 'content', 'b411813b-aaaf-4bd8-958d-1682a1f87b68', '内容', 'Content', '中身です', '內容', 'bf75a509-f90e-4a29-8bf7-470b581550f6', 1, '2023-08-29 13:43:58', '2023-08-29 13:43:58');
INSERT INTO `xmw_international` (`id`, `name`, `parent_id`, `zh-CN`, `en-US`, `ja-JP`, `zh-TW`, `founder`, `sort`, `created_time`, `updated_time`) VALUES ('0217378e-8de4-47b2-97f9-021d0d65315c', 'management', 'a9175fe0-2809-4936-8e86-01abecbcf627', '客户列表', '客户列表', '客户列表', '客户列表', 'bf75a509-f90e-4a29-8bf7-470b581550f6', 1, '2024-06-15 01:23:03', '2024-06-14 18:06:39');
INSERT INTO `xmw_international` (`id`, `name`, `parent_id`, `zh-CN`, `en-US`, `ja-JP`, `zh-TW`, `founder`, `sort`, `created_time`, `updated_time`) VALUES ('03303e02-f3b4-4593-8637-48158e0a0e3a', 'title', 'e8ca6a7d-cbcd-4278-bb60-ebb14d9ec1e4', '确认执行此操作吗?', 'Bulletin confirm this operation?', '公告はこの操作の実行を確認しますか?', '確認執行此操作嗎?', 'bf75a509-f90e-4a29-8bf7-470b581550f6', 1, '2023-09-12 17:27:59', '2023-09-12 17:27:59');
INSERT INTO `xmw_international` (`id`, `name`, `parent_id`, `zh-CN`, `en-US`, `ja-JP`, `zh-TW`, `founder`, `sort`, `created_time`, `updated_time`) VALUES ('039b756e-6597-4cf9-ba86-08e11a4d5a90', 'tip', '6fad92cf-d40f-4e80-8ba6-29ec6c37725a', '已绑定邮箱', 'Bound Mailbox', 'メールボックスに結びつけました', '已綁定郵箱', 'bf75a509-f90e-4a29-8bf7-470b581550f6', 1, '2023-01-13 18:25:12', '2023-01-13 18:25:12');
INSERT INTO `xmw_international` (`id`, `name`, `parent_id`, `zh-CN`, `en-US`, `ja-JP`, `zh-TW`, `founder`, `sort`, `created_time`, `updated_time`) VALUES ('08748ffe-5d33-4406-b786-cf61e3205a90', 'delete', '51738317-f9fc-48e2-9ace-b418fdacf8e3', '删除', 'Delete', '削除', '刪除', 'bf75a509-f90e-4a29-8bf7-470b581550f6', 1, '2022-09-30 17:07:53', '2022-11-30 10:54:08');
INSERT INTO `xmw_international` (`id`, `name`, `parent_id`, `zh-CN`, `en-US`, `ja-JP`, `zh-TW`, `founder`, `sort`, `created_time`, `updated_time`) VALUES ('08f11a22-9510-4d95-ba18-e0fa4a15b675', 'warm-tips', '9d9e17ad-e767-4d9a-9102-1866c2590f74', '温馨提示', 'Warm Tips', '暖かい ヒントです', '溫馨提示', 'bf75a509-f90e-4a29-8bf7-470b581550f6', 1, '2022-12-09 18:09:33', '2022-12-09 18:09:33');
INSERT INTO `xmw_international` (`id`, `name`, `parent_id`, `zh-CN`, `en-US`, `ja-JP`, `zh-TW`, `founder`, `sort`, `created_time`, `updated_time`) VALUES ('08f997a9-39cb-4d35-bb73-8556a911e12f', 'work-bench', 'ed2bf05a-70a1-419a-adf3-b747d449f75a', '工作台', 'Work Bench', '作業台', '工作臺', 'bf75a509-f90e-4a29-8bf7-470b581550f6', 1, '2022-09-17 11:58:16', '2022-11-30 10:54:08');
INSERT INTO `xmw_international` (`id`, `name`, `parent_id`, `zh-CN`, `en-US`, `ja-JP`, `zh-TW`, `founder`, `sort`, `created_time`, `updated_time`) VALUES ('0960fd86-7e79-496b-83aa-c4159e516d8c', 'administrative', 'e8922ec5-d0d2-4911-a146-80c2efdd38b5', '智能行政', 'Intelligent Administrative', 'スマート行政', '智能行政', 'bf75a509-f90e-4a29-8bf7-470b581550f6', 9, '2022-09-17 11:48:26', '2022-11-30 10:54:08');
INSERT INTO `xmw_international` (`id`, `name`, `parent_id`, `zh-CN`, `en-US`, `ja-JP`, `zh-TW`, `founder`, `sort`, `created_time`, `updated_time`) VALUES ('0a797791-c47f-487b-86b4-d1aa7792f92e', 'title', '5ea52517-8c5e-419d-b59b-a923eb68f50e', '用户', 'User', 'ユーザー', '用戶', 'bf75a509-f90e-4a29-8bf7-470b581550f6', 1, '2022-10-08 14:27:55', '2022-11-30 10:54:08');
INSERT INTO `xmw_international` (`id`, `name`, `parent_id`, `zh-CN`, `en-US`, `ja-JP`, `zh-TW`, `founder`, `sort`, `created_time`, `updated_time`) VALUES ('0a8078ee-a632-4dd8-a943-624541391743', 'certification-realName', 'e8ca71aa-4c2b-42c2-ac80-63677e1d80d7', '实名认证', 'Real-name authentication', '実名認証です', '實名認證', 'bf75a509-f90e-4a29-8bf7-470b581550f6', 1, '2023-03-20 17:12:55', '2023-03-20 17:12:55');
INSERT INTO `xmw_international` (`id`, `name`, `parent_id`, `zh-CN`, `en-US`, `ja-JP`, `zh-TW`, `founder`, `sort`, `created_time`, `updated_time`) VALUES ('0adff35e-9313-4119-a4f6-80dc8cda5558', 'success', '44fe6614-f996-4c29-b06b-b41ca15a67f2', '登录成功！', 'Login successful!', 'ログイン成功!', '登錄成功！', 'bf75a509-f90e-4a29-8bf7-470b581550f6', 1, '2022-09-17 11:55:12', '2022-11-30 10:54:08');
INSERT INTO `xmw_international` (`id`, `name`, `parent_id`, `zh-CN`, `en-US`, `ja-JP`, `zh-TW`, `founder`, `sort`, `created_time`, `updated_time`) VALUES ('0bc45d3c-6418-409b-9579-a1a531abaac7', 'component', '1d9ddc96-9292-4f08-a359-0c1384ff5802', '组件路径', 'Component', 'コンポーネントパス', '組件路徑', 'bf75a509-f90e-4a29-8bf7-470b581550f6', 1, '2022-09-27 14:43:27', '2022-11-30 10:54:08');
INSERT INTO `xmw_international` (`id`, `name`, `parent_id`, `zh-CN`, `en-US`, `ja-JP`, `zh-TW`, `founder`, `sort`, `created_time`, `updated_time`) VALUES ('0c01ef7d-2f6f-440a-b642-62564d41f473', 'components', NULL, NULL, NULL, NULL, NULL, 'bf75a509-f90e-4a29-8bf7-470b581550f6', 1, '2022-09-21 14:51:49', '2022-11-30 10:54:08');
INSERT INTO `xmw_international` (`id`, `name`, `parent_id`, `zh-CN`, `en-US`, `ja-JP`, `zh-TW`, `founder`, `sort`, `created_time`, `updated_time`) VALUES ('0c075bb7-805c-47aa-9eff-03a49267a00a', 'security-phone', 'e8ca71aa-4c2b-42c2-ac80-63677e1d80d7', '密保手机', 'Security Phone', '携帯電話です', '密保手機', 'bf75a509-f90e-4a29-8bf7-470b581550f6', 1, '2023-01-13 18:22:18', '2023-01-13 18:22:18');
INSERT INTO `xmw_international` (`id`, `name`, `parent_id`, `zh-CN`, `en-US`, `ja-JP`, `zh-TW`, `founder`, `sort`, `created_time`, `updated_time`) VALUES ('0ca938ac-db88-4b99-8863-5bb3ae8a094c', 'personal-information', '22a98b3b-704e-4de2-8c90-34c2a1387f68', '个人信息', 'Personal Information', '個人情報です', '個人信息', 'bf75a509-f90e-4a29-8bf7-470b581550f6', 88, '2023-01-12 15:26:10', '2023-01-12 15:34:57');
INSERT INTO `xmw_international` (`id`, `name`, `parent_id`, `zh-CN`, `en-US`, `ja-JP`, `zh-TW`, `founder`, `sort`, `created_time`, `updated_time`) VALUES ('0e4408f9-ac17-43de-a44a-309caed9d07b', 'subtitle', '44fe6614-f996-4c29-b06b-b41ca15a67f2', '技术栈：React + TS + umi4 + antd-pro', 'Technology stack: React + TS + UMI4 + ANTD-Pro', '技術スタック:React + TS + umi4 + antd-pro', '技術棧：React + TS + umi4 + antd-pro', 'bf75a509-f90e-4a29-8bf7-470b581550f6', 1, '2022-09-17 11:53:16', '2022-11-30 10:54:08');
INSERT INTO `xmw_international` (`id`, `name`, `parent_id`, `zh-CN`, `en-US`, `ja-JP`, `zh-TW`, `founder`, `sort`, `created_time`, `updated_time`) VALUES ('0ed7bafd-c469-4792-9698-05e03152ad9d', 'delete', '9d8cdcd5-2151-43fe-8230-3ae610a9b3e3', '删除', 'Delete', '削除', '刪除', 'bf75a509-f90e-4a29-8bf7-470b581550f6', 88, '2022-09-30 10:42:00', '2022-11-30 10:54:08');
INSERT INTO `xmw_international` (`id`, `name`, `parent_id`, `zh-CN`, `en-US`, `ja-JP`, `zh-TW`, `founder`, `sort`, `created_time`, `updated_time`) VALUES ('0f5ebfbf-bd14-4b5c-9bf5-67929e36f653', 'LockScreen', 'a6a9d897-a458-43a8-913e-45ee9f8c7971', '锁定屏幕', 'Lock screen', 'ロック画面です', '鎖定屏幕', 'bf75a509-f90e-4a29-8bf7-470b581550f6', 1, '2023-01-09 14:24:05', '2023-09-14 15:49:02');
INSERT INTO `xmw_international` (`id`, `name`, `parent_id`, `zh-CN`, `en-US`, `ja-JP`, `zh-TW`, `founder`, `sort`, `created_time`, `updated_time`) VALUES ('10cdbdc3-8286-49ad-907a-211120f62bc9', 'org_code', '50d475a0-e2b8-4997-8426-a1e067b1db11', '组织编码', 'Organization code', '組織コード', '組織編碼', 'bf75a509-f90e-4a29-8bf7-470b581550f6', 1, '2022-09-18 17:45:17', '2022-11-30 10:54:08');
INSERT INTO `xmw_international` (`id`, `name`, `parent_id`, `zh-CN`, `en-US`, `ja-JP`, `zh-TW`, `founder`, `sort`, `created_time`, `updated_time`) VALUES ('13dca233-90c4-4526-b3c0-c40ddb10670f', 'role_code', 'bf652ff9-7210-4fda-9ece-4c7fa3e5ae87', '角色编码', 'Role Code', 'キャラクターコード', '角色編碼', 'bf75a509-f90e-4a29-8bf7-470b581550f6', 1, '2022-09-30 17:17:03', '2022-11-30 10:54:08');
INSERT INTO `xmw_international` (`id`, `name`, `parent_id`, `zh-CN`, `en-US`, `ja-JP`, `zh-TW`, `founder`, `sort`, `created_time`, `updated_time`) VALUES ('140ad3b4-2d3b-49e9-8f38-1e9eaee2186a', 'original-password', '8c5b3043-89c4-4266-b262-9002ad757b4b', '原密码', 'Original Password', '元のパスワードです', '原密碼', 'bf75a509-f90e-4a29-8bf7-470b581550f6', 1, '2023-01-12 16:35:53', '2023-01-12 16:35:53');
INSERT INTO `xmw_international` (`id`, `name`, `parent_id`, `zh-CN`, `en-US`, `ja-JP`, `zh-TW`, `founder`, `sort`, `created_time`, `updated_time`) VALUES ('14713422-3379-4288-b6e1-eda4278398ce', 'ant-design', '1c5face7-ec06-465f-b67e-bf2c8183cc0a', 'Ant-design文档（外链）', 'Ant-design document (external link)', 'ant-designドキュメント(外部リンク)です', 'Ant-design文檔（外鏈）', 'bf75a509-f90e-4a29-8bf7-470b581550f6', 6, '2023-08-11 17:19:28', '2023-08-11 17:52:58');
INSERT INTO `xmw_international` (`id`, `name`, `parent_id`, `zh-CN`, `en-US`, `ja-JP`, `zh-TW`, `founder`, `sort`, `created_time`, `updated_time`) VALUES ('1472daef-ee78-4da9-8b15-27d56cf6d12d', 'modify', 'cb2edc15-2e6d-4de6-ab92-14cfc727569e', '修改', 'Modify', '修正', '修改', 'bf75a509-f90e-4a29-8bf7-470b581550f6', 1, '2023-01-13 18:26:13', '2023-01-13 18:26:13');
INSERT INTO `xmw_international` (`id`, `name`, `parent_id`, `zh-CN`, `en-US`, `ja-JP`, `zh-TW`, `founder`, `sort`, `created_time`, `updated_time`) VALUES ('1645fb99-80fa-45e5-a075-8296479afb6b', 'edit', 'c4d9c21d-f619-48eb-8ceb-537cb064247e', '编辑', 'Edit', '編集', '編輯', 'bf75a509-f90e-4a29-8bf7-470b581550f6', 77, '2022-09-30 10:18:25', '2022-11-30 10:54:08');
INSERT INTO `xmw_international` (`id`, `name`, `parent_id`, `zh-CN`, `en-US`, `ja-JP`, `zh-TW`, `founder`, `sort`, `created_time`, `updated_time`) VALUES ('16722f3f-35da-4cae-b1b9-738acbcf97cc', 'title', '22b09a10-3417-4d53-9aed-b0f43927bb41', '您确认要删除这条数据吗？', 'Are you sure you want to delete this data?', 'このデータを削除することをご確認いただけますか?', '您確認要刪除這條數據嗎？', 'bf75a509-f90e-4a29-8bf7-470b581550f6', 1, '2022-09-18 13:41:15', '2022-11-30 10:54:08');
INSERT INTO `xmw_international` (`id`, `name`, `parent_id`, `zh-CN`, `en-US`, `ja-JP`, `zh-TW`, `founder`, `sort`, `created_time`, `updated_time`) VALUES ('16ebb546-7843-465e-ab0f-214bf24d0f79', 'add', '505ca506-6cdc-4c88-b24b-479d6456bbde', '新建', 'New', '新築', '新建', 'bf75a509-f90e-4a29-8bf7-470b581550f6', 1, '2022-10-08 14:05:31', '2022-11-30 10:54:08');
INSERT INTO `xmw_international` (`id`, `name`, `parent_id`, `zh-CN`, `en-US`, `ja-JP`, `zh-TW`, `founder`, `sort`, `created_time`, `updated_time`) VALUES ('17b45197-2849-453e-bf33-05dadeb9562f', 'delete', 'a6c7dac1-30b2-42de-b0ad-963b4e138e7a', '删除', '删除', '删除', '删除', 'bf75a509-f90e-4a29-8bf7-470b581550f6', 1, '2024-06-15 17:37:41', '2024-06-15 17:37:41');
INSERT INTO `xmw_international` (`id`, `name`, `parent_id`, `zh-CN`, `en-US`, `ja-JP`, `zh-TW`, `founder`, `sort`, `created_time`, `updated_time`) VALUES ('1c5face7-ec06-465f-b67e-bf2c8183cc0a', 'technical-document', 'e8922ec5-d0d2-4911-a146-80c2efdd38b5', '技术文档', 'Technical document', '技術文書です', '技術文檔', 'bf75a509-f90e-4a29-8bf7-470b581550f6', 7, '2023-08-11 16:11:14', '2023-08-11 16:11:27');
INSERT INTO `xmw_international` (`id`, `name`, `parent_id`, `zh-CN`, `en-US`, `ja-JP`, `zh-TW`, `founder`, `sort`, `created_time`, `updated_time`) VALUES ('1d0c376a-0d14-4699-ae9f-712696e977b1', 'TabsLayout', '0c01ef7d-2f6f-440a-b642-62564d41f473', NULL, NULL, NULL, NULL, 'bf75a509-f90e-4a29-8bf7-470b581550f6', 1, '2023-03-16 15:58:15', '2023-10-08 15:23:45');
INSERT INTO `xmw_international` (`id`, `name`, `parent_id`, `zh-CN`, `en-US`, `ja-JP`, `zh-TW`, `founder`, `sort`, `created_time`, `updated_time`) VALUES ('1d171e79-2dde-4496-990b-819681aa5510', 'title', '2c90eea9-f0c8-48bb-a331-a9526c59f6a6', '岗位', 'Jobs', '雇用', '崗位', 'bf75a509-f90e-4a29-8bf7-470b581550f6', 1, '2022-09-23 14:12:19', '2022-11-30 10:54:08');
INSERT INTO `xmw_international` (`id`, `name`, `parent_id`, `zh-CN`, `en-US`, `ja-JP`, `zh-TW`, `founder`, `sort`, `created_time`, `updated_time`) VALUES ('1d98fffe-d1df-4f7f-95be-c544a655fe11', 'fixSiderbar', '1d9ddc96-9292-4f08-a359-0c1384ff5802', '固定菜单', 'Fixed menu', '定番メニュー', '固定菜單', 'bf75a509-f90e-4a29-8bf7-470b581550f6', 1, '2022-09-27 18:20:25', '2022-11-30 10:54:08');
INSERT INTO `xmw_international` (`id`, `name`, `parent_id`, `zh-CN`, `en-US`, `ja-JP`, `zh-TW`, `founder`, `sort`, `created_time`, `updated_time`) VALUES ('1d9ddc96-9292-4f08-a359-0c1384ff5802', 'menu-management', '251711b4-6fd3-4090-8a58-9cb67616e508', '菜单管理', 'Menu Maganement', 'メニュー管理', '菜單管理', 'bf75a509-f90e-4a29-8bf7-470b581550f6', 1, '2022-09-27 09:57:06', '2022-11-30 10:54:08');
INSERT INTO `xmw_international` (`id`, `name`, `parent_id`, `zh-CN`, `en-US`, `ja-JP`, `zh-TW`, `founder`, `sort`, `created_time`, `updated_time`) VALUES ('1e530d83-26a8-4bc8-bfa3-1032259aac3b', 'dependencies', 'd3b5584a-6b4d-4eb8-a3ef-5090f5f3c4e9', '生产环境依赖', 'Production environment dependence', '生産環境に依存します', '生產環境依賴', 'bf75a509-f90e-4a29-8bf7-470b581550f6', 1, '2023-07-26 17:28:48', '2023-10-11 16:50:19');
INSERT INTO `xmw_international` (`id`, `name`, `parent_id`, `zh-CN`, `en-US`, `ja-JP`, `zh-TW`, `founder`, `sort`, `created_time`, `updated_time`) VALUES ('1f533660-151d-4646-8f04-63a6539ed094', 'phone', '5ea52517-8c5e-419d-b59b-a923eb68f50e', '手机号码', 'Mobile Phone', '携帯電話の番号', '手機號碼', 'bf75a509-f90e-4a29-8bf7-470b581550f6', 1, '2022-10-08 16:10:08', '2022-11-30 10:54:08');
INSERT INTO `xmw_international` (`id`, `name`, `parent_id`, `zh-CN`, `en-US`, `ja-JP`, `zh-TW`, `founder`, `sort`, `created_time`, `updated_time`) VALUES ('1f8cd9bc-681e-4d8d-a98d-3835f85abcac', 'tooltip', 'daa7e0f8-f7dc-4a14-beae-227108a57041', '权限标识是唯一的，用于做路由的权限管理', 'The permission identifier is unique and is used for routing permission management', 'ルーティングの権限管理をするための権限識別子は一意である', '權限標識是唯一的，用於做路由的權限管理', 'bf75a509-f90e-4a29-8bf7-470b581550f6', 1, '2022-09-27 16:07:22', '2022-11-30 10:54:08');
INSERT INTO `xmw_international` (`id`, `name`, `parent_id`, `zh-CN`, `en-US`, `ja-JP`, `zh-TW`, `founder`, `sort`, `created_time`, `updated_time`) VALUES ('1fa8602e-09d1-4324-bfd4-ee45edadce5c', 'validator', 'bdcbe983-b255-4a6d-bf83-e5030a31a89f', '组织名称的长度在2-36个字符', 'The organization name can be 2-36 characters in length', '組織名の長さは2 ~ 36文字', '組織名稱的長度在2-36個字符', 'bf75a509-f90e-4a29-8bf7-470b581550f6', 1, '2022-10-21 09:55:44', '2022-11-30 10:54:08');
INSERT INTO `xmw_international` (`id`, `name`, `parent_id`, `zh-CN`, `en-US`, `ja-JP`, `zh-TW`, `founder`, `sort`, `created_time`, `updated_time`) VALUES ('20403df0-d670-4c4b-a7ea-0e2ae3d43dd3', 'hideInMenu', '1d9ddc96-9292-4f08-a359-0c1384ff5802', '隐藏菜单', 'Hidden Menu', '隠しメニュー', '隱藏菜單', 'bf75a509-f90e-4a29-8bf7-470b581550f6', 1, '2022-09-27 18:13:09', '2022-11-30 10:54:08');
INSERT INTO `xmw_international` (`id`, `name`, `parent_id`, `zh-CN`, `en-US`, `ja-JP`, `zh-TW`, `founder`, `sort`, `created_time`, `updated_time`) VALUES ('218b6d3c-38df-4b88-b8dc-d544454297a1', 'personal-center', 'fd9a9de8-6044-42fc-a128-eba14bea123d', '个人中心', 'Personal Center', '個人センターです', '個人中心', 'bf75a509-f90e-4a29-8bf7-470b581550f6', 1, '2023-01-12 16:26:46', '2023-01-12 16:26:46');
INSERT INTO `xmw_international` (`id`, `name`, `parent_id`, `zh-CN`, `en-US`, `ja-JP`, `zh-TW`, `founder`, `sort`, `created_time`, `updated_time`) VALUES ('21f6d4e3-0293-407f-86c1-6b2bc0d6d74d', 'store', 'e8922ec5-d0d2-4911-a146-80c2efdd38b5', '店铺管理', '店铺管理', '店铺管理', '店铺管理', 'bf75a509-f90e-4a29-8bf7-470b581550f6', 2, '2024-06-15 02:31:01', '2024-06-15 17:27:31');
INSERT INTO `xmw_international` (`id`, `name`, `parent_id`, `zh-CN`, `en-US`, `ja-JP`, `zh-TW`, `founder`, `sort`, `created_time`, `updated_time`) VALUES ('22a98b3b-704e-4de2-8c90-34c2a1387f68', 'personal-center', 'e8922ec5-d0d2-4911-a146-80c2efdd38b5', '个人中心', 'Personal Center', '個人センターです', '個人中心', 'bf75a509-f90e-4a29-8bf7-470b581550f6', 8, '2023-01-12 15:25:20', '2023-01-12 15:25:28');
INSERT INTO `xmw_international` (`id`, `name`, `parent_id`, `zh-CN`, `en-US`, `ja-JP`, `zh-TW`, `founder`, `sort`, `created_time`, `updated_time`) VALUES ('22b09a10-3417-4d53-9aed-b0f43927bb41', 'delete', '6d809d46-3509-4438-8a66-6d5baf0812af', NULL, NULL, NULL, NULL, 'bf75a509-f90e-4a29-8bf7-470b581550f6', 1, '2022-09-18 13:40:26', '2022-11-30 10:54:08');
INSERT INTO `xmw_international` (`id`, `name`, `parent_id`, `zh-CN`, `en-US`, `ja-JP`, `zh-TW`, `founder`, `sort`, `created_time`, `updated_time`) VALUES ('22e08449-2621-4ed4-8b74-81402a93b86d', 'tooltip', '7dcad954-f775-4b52-abd7-23bd840139bb', '请填写 IconFont 阿里图标矢量库的名称', 'Please fill in the name of IconFont Ali icon vector library', 'IconFontアリアイコンベクターライブラリの名前を記入してください', '請填寫 IconFont 阿裏圖標矢量庫的名稱', 'bf75a509-f90e-4a29-8bf7-470b581550f6', 1, '2022-09-27 14:49:32', '2022-11-30 10:54:08');
INSERT INTO `xmw_international` (`id`, `name`, `parent_id`, `zh-CN`, `en-US`, `ja-JP`, `zh-TW`, `founder`, `sort`, `created_time`, `updated_time`) VALUES ('234ca5d3-d0e3-4525-9d39-e500745ba791', 'table', '9d9e17ad-e767-4d9a-9102-1866c2590f74', NULL, NULL, NULL, NULL, 'bf75a509-f90e-4a29-8bf7-470b581550f6', 1, '2022-09-18 13:47:18', '2022-11-30 10:54:08');
INSERT INTO `xmw_international` (`id`, `name`, `parent_id`, `zh-CN`, `en-US`, `ja-JP`, `zh-TW`, `founder`, `sort`, `created_time`, `updated_time`) VALUES ('23938b40-c7e0-4052-9dfa-1c8bdae91be5', 'placeholder', 'cf1e2401-7736-493e-9a6a-1b531740add5', '请输入用户密码', 'Please enter the user password', 'パスワードの入力をお願いします', '請輸入用戶密碼', 'bf75a509-f90e-4a29-8bf7-470b581550f6', 1, '2023-01-09 14:14:47', '2023-01-09 14:14:47');
INSERT INTO `xmw_international` (`id`, `name`, `parent_id`, `zh-CN`, `en-US`, `ja-JP`, `zh-TW`, `founder`, `sort`, `created_time`, `updated_time`) VALUES ('23b940f6-0e71-4ab6-98f5-4c490cc57996', 'technology-stack', '08f997a9-39cb-4d35-bb73-8556a911e12f', '主要技术栈', 'Main technology stack', '主要な技術スタックです', '主要技術棧', 'bf75a509-f90e-4a29-8bf7-470b581550f6', 1, '2023-10-11 16:44:05', '2023-10-11 16:44:05');
INSERT INTO `xmw_international` (`id`, `name`, `parent_id`, `zh-CN`, `en-US`, `ja-JP`, `zh-TW`, `founder`, `sort`, `created_time`, `updated_time`) VALUES ('244e23fd-62e6-40ee-a425-0a75d347ebde', 'UploadImage', '0c01ef7d-2f6f-440a-b642-62564d41f473', NULL, NULL, NULL, NULL, 'bf75a509-f90e-4a29-8bf7-470b581550f6', 1, '2023-09-15 17:01:53', '2023-09-15 17:01:53');
INSERT INTO `xmw_international` (`id`, `name`, `parent_id`, `zh-CN`, `en-US`, `ja-JP`, `zh-TW`, `founder`, `sort`, `created_time`, `updated_time`) VALUES ('24a818d2-2706-4339-aab8-827cb96e7319', 'title', 'bf652ff9-7210-4fda-9ece-4c7fa3e5ae87', '角色', 'Role', '役', '角色', 'bf75a509-f90e-4a29-8bf7-470b581550f6', 1, '2022-09-30 17:15:53', '2022-11-30 10:54:08');
INSERT INTO `xmw_international` (`id`, `name`, `parent_id`, `zh-CN`, `en-US`, `ja-JP`, `zh-TW`, `founder`, `sort`, `created_time`, `updated_time`) VALUES ('251711b4-6fd3-4090-8a58-9cb67616e508', 'system', 'fd9a9de8-6044-42fc-a128-eba14bea123d', NULL, NULL, NULL, NULL, 'bf75a509-f90e-4a29-8bf7-470b581550f6', 1, '2022-09-17 11:58:59', '2022-11-30 10:54:08');
INSERT INTO `xmw_international` (`id`, `name`, `parent_id`, `zh-CN`, `en-US`, `ja-JP`, `zh-TW`, `founder`, `sort`, `created_time`, `updated_time`) VALUES ('264f7bf8-c189-445d-aa08-bf8f52e23b7c', 'jobs_name', '2c90eea9-f0c8-48bb-a331-a9526c59f6a6', '岗位名称', 'Jobs Name', '持ち場の名称', '崗位名稱', 'bf75a509-f90e-4a29-8bf7-470b581550f6', 1, '2022-09-23 14:06:28', '2022-11-30 10:54:08');
INSERT INTO `xmw_international` (`id`, `name`, `parent_id`, `zh-CN`, `en-US`, `ja-JP`, `zh-TW`, `founder`, `sort`, `created_time`, `updated_time`) VALUES ('2abb3cf1-a8a5-4979-bc8f-0d6ca312e362', 'delete', '505ca506-6cdc-4c88-b24b-479d6456bbde', '删除', 'Delete', '削除', '刪除', 'bf75a509-f90e-4a29-8bf7-470b581550f6', 1, '2022-10-08 14:05:00', '2022-11-30 10:54:08');
INSERT INTO `xmw_international` (`id`, `name`, `parent_id`, `zh-CN`, `en-US`, `ja-JP`, `zh-TW`, `founder`, `sort`, `created_time`, `updated_time`) VALUES ('2c90eea9-f0c8-48bb-a331-a9526c59f6a6', 'jobs-management', 'aa2710b2-9faf-4369-aee3-ca7700d84e99', '岗位管理', 'Post Management', '持ち場管理', '崗位管理', 'bf75a509-f90e-4a29-8bf7-470b581550f6', 1, '2022-09-23 13:46:17', '2022-11-30 10:54:08');
INSERT INTO `xmw_international` (`id`, `name`, `parent_id`, `zh-CN`, `en-US`, `ja-JP`, `zh-TW`, `founder`, `sort`, `created_time`, `updated_time`) VALUES ('2d6b3ac4-0252-49a3-964b-e1f83e2783af', 'title', '5245540c-dfe2-4375-9964-96864b07b6e7', '语言', 'language', '言語', '語言', 'bf75a509-f90e-4a29-8bf7-470b581550f6', 1, '2022-09-18 14:17:38', '2022-11-30 10:54:08');
INSERT INTO `xmw_international` (`id`, `name`, `parent_id`, `zh-CN`, `en-US`, `ja-JP`, `zh-TW`, `founder`, `sort`, `created_time`, `updated_time`) VALUES ('3037d66a-efff-41e0-9bb4-0985b354c821', 'path', '1d9ddc96-9292-4f08-a359-0c1384ff5802', '路由地址', 'Route Path', '経路アドレス', '路由地址', 'bf75a509-f90e-4a29-8bf7-470b581550f6', 1, '2022-09-27 14:40:04', '2022-11-30 10:54:08');
INSERT INTO `xmw_international` (`id`, `name`, `parent_id`, `zh-CN`, `en-US`, `ja-JP`, `zh-TW`, `founder`, `sort`, `created_time`, `updated_time`) VALUES ('32382a53-d22b-447c-b1ef-e09b21b0d60a', 'yes', 'cf4506ae-fda5-495d-8fa7-e2b5cba992d5', '是', 'Yes', 'そうです', '是', 'bf75a509-f90e-4a29-8bf7-470b581550f6', 1, '2023-09-12 15:30:43', '2023-09-12 15:30:43');
INSERT INTO `xmw_international` (`id`, `name`, `parent_id`, `zh-CN`, `en-US`, `ja-JP`, `zh-TW`, `founder`, `sort`, `created_time`, `updated_time`) VALUES ('32b547e4-e6a1-49bb-b801-cd377185ab43', 'menu-management', '48ea12ef-201f-4738-8af8-066533179393', '菜单管理', 'Menu Management', 'メニュー管理', '菜單管理', 'bf75a509-f90e-4a29-8bf7-470b581550f6', 88, '2022-09-27 09:56:31', '2022-11-30 10:54:08');
INSERT INTO `xmw_international` (`id`, `name`, `parent_id`, `zh-CN`, `en-US`, `ja-JP`, `zh-TW`, `founder`, `sort`, `created_time`, `updated_time`) VALUES ('32c9f1bb-422e-4943-a21b-0f71e7298a3a', 'hideInBreadcrumb', '1d9ddc96-9292-4f08-a359-0c1384ff5802', '在面包屑中隐藏', 'Hide in the bread crumbs', 'パン屑の中に隠す', '在面包屑中隱藏', 'bf75a509-f90e-4a29-8bf7-470b581550f6', 1, '2022-09-27 18:14:06', '2022-11-30 10:54:08');
INSERT INTO `xmw_international` (`id`, `name`, `parent_id`, `zh-CN`, `en-US`, `ja-JP`, `zh-TW`, `founder`, `sort`, `created_time`, `updated_time`) VALUES ('3356ff8b-2c7e-4122-82e0-5cae53d24057', 'content', 'bf2ca4d5-cde9-46d4-930e-12a5aa95a1b6', '操作内容', 'Operation content', '作業内容です', '操作內容', 'bf75a509-f90e-4a29-8bf7-470b581550f6', 1, '2023-03-20 15:44:54', '2023-03-20 15:44:54');
INSERT INTO `xmw_international` (`id`, `name`, `parent_id`, `zh-CN`, `en-US`, `ja-JP`, `zh-TW`, `founder`, `sort`, `created_time`, `updated_time`) VALUES ('33f25830-6bdb-4a22-839a-15562e446c3f', 'form', '9d9e17ad-e767-4d9a-9102-1866c2590f74', NULL, NULL, NULL, NULL, 'bf75a509-f90e-4a29-8bf7-470b581550f6', 1, '2022-09-18 14:19:18', '2022-11-30 10:54:08');
INSERT INTO `xmw_international` (`id`, `name`, `parent_id`, `zh-CN`, `en-US`, `ja-JP`, `zh-TW`, `founder`, `sort`, `created_time`, `updated_time`) VALUES ('34eca912-63b1-42ed-ba49-7e5d9a285aad', 'cn_name', '5ea52517-8c5e-419d-b59b-a923eb68f50e', '中文名', 'Cn Name', '日文名', '中文名', 'bf75a509-f90e-4a29-8bf7-470b581550f6', 1, '2022-10-08 14:14:32', '2022-11-30 10:54:08');
INSERT INTO `xmw_international` (`id`, `name`, `parent_id`, `zh-CN`, `en-US`, `ja-JP`, `zh-TW`, `founder`, `sort`, `created_time`, `updated_time`) VALUES ('369bc722-201a-4379-b651-610f75719068', 'rules', '1f533660-151d-4646-8f04-63a6539ed094', '手机号码格式不正确！', 'The format of mobile phone number is incorrect!', '携帯の番号のフォーマットが正しくありません!', '手機號碼格式不正確！', 'bf75a509-f90e-4a29-8bf7-470b581550f6', 1, '2022-10-08 16:20:02', '2022-11-30 10:54:08');
INSERT INTO `xmw_international` (`id`, `name`, `parent_id`, `zh-CN`, `en-US`, `ja-JP`, `zh-TW`, `founder`, `sort`, `created_time`, `updated_time`) VALUES ('3875430f-9d36-4a24-a7a7-663b32c9a752', 'menuHeaderRender', '1d9ddc96-9292-4f08-a359-0c1384ff5802', '显示菜单顶栏', 'Display the top bar of the menu', 'メニュートップを表示する', '顯示菜單頂欄', 'bf75a509-f90e-4a29-8bf7-470b581550f6', 1, '2022-09-27 18:17:35', '2022-11-30 10:54:08');
INSERT INTO `xmw_international` (`id`, `name`, `parent_id`, `zh-CN`, `en-US`, `ja-JP`, `zh-TW`, `founder`, `sort`, `created_time`, `updated_time`) VALUES ('3b260bca-826a-4667-b1da-90bb185b8a61', 'add', 'fdaf8a23-8777-46ff-9142-f30eb3e4d8ee', '新建', 'New', '新築', '新建', 'bf75a509-f90e-4a29-8bf7-470b581550f6', 1, '2022-09-30 10:45:02', '2022-11-30 10:54:08');
INSERT INTO `xmw_international` (`id`, `name`, `parent_id`, `zh-CN`, `en-US`, `ja-JP`, `zh-TW`, `founder`, `sort`, `created_time`, `updated_time`) VALUES ('3c57950e-15d6-4c2b-ae37-07dfdc63c33b', 'access-system', '0f5ebfbf-bd14-4b5c-9bf5-67929e36f653', '进入系统', 'Access System', 'システムに入ります', '進入系統', 'bf75a509-f90e-4a29-8bf7-470b581550f6', 1, '2023-01-11 18:08:11', '2023-01-11 18:08:11');
INSERT INTO `xmw_international` (`id`, `name`, `parent_id`, `zh-CN`, `en-US`, `ja-JP`, `zh-TW`, `founder`, `sort`, `created_time`, `updated_time`) VALUES ('3d280731-629d-449f-ba6c-ecd6f8a1617c', 'personal-setting', '22a98b3b-704e-4de2-8c90-34c2a1387f68', '个人设置', 'Personal Setting', '個人設定です', '個人設置', 'bf75a509-f90e-4a29-8bf7-470b581550f6', 1, '2023-01-12 15:26:51', '2023-01-12 15:26:51');
INSERT INTO `xmw_international` (`id`, `name`, `parent_id`, `zh-CN`, `en-US`, `ja-JP`, `zh-TW`, `founder`, `sort`, `created_time`, `updated_time`) VALUES ('3d3e87e0-1072-45e6-bec2-b1080e4646d8', 'add', '32b547e4-e6a1-49bb-b801-cd377185ab43', '新建', 'New', '新築', '新建', 'bf75a509-f90e-4a29-8bf7-470b581550f6', 1, '2022-09-18 14:00:09', '2022-11-30 10:54:08');
INSERT INTO `xmw_international` (`id`, `name`, `parent_id`, `zh-CN`, `en-US`, `ja-JP`, `zh-TW`, `founder`, `sort`, `created_time`, `updated_time`) VALUES ('3dc50878-9ba6-4b6d-aead-e8ef330a6d80', 'menuRender', '1d9ddc96-9292-4f08-a359-0c1384ff5802', '显示菜单', 'According to the menu', 'メニューを表示する', '顯示菜單', 'bf75a509-f90e-4a29-8bf7-470b581550f6', 1, '2022-09-27 18:16:45', '2022-11-30 10:54:08');
INSERT INTO `xmw_international` (`id`, `name`, `parent_id`, `zh-CN`, `en-US`, `ja-JP`, `zh-TW`, `founder`, `sort`, `created_time`, `updated_time`) VALUES ('3f2d1b6c-85df-488b-b3b4-e537d523d124', 'add', 'f1a1c4f7-9122-42a6-a5f2-84ce59f37807', '新建', 'New', '新築', '新建', 'bf75a509-f90e-4a29-8bf7-470b581550f6', 1, '2023-08-28 09:17:46', '2023-08-28 09:18:00');
INSERT INTO `xmw_international` (`id`, `name`, `parent_id`, `zh-CN`, `en-US`, `ja-JP`, `zh-TW`, `founder`, `sort`, `created_time`, `updated_time`) VALUES ('3f56a8e8-4bc1-4e88-9fdf-4466446be2d8', 'confirm-password', '5ea52517-8c5e-419d-b59b-a923eb68f50e', '确认密码', 'Confirm Password', 'パスワードを確認する', '確認密碼', 'bf75a509-f90e-4a29-8bf7-470b581550f6', 1, '2022-10-08 18:17:40', '2022-11-30 10:54:08');
INSERT INTO `xmw_international` (`id`, `name`, `parent_id`, `zh-CN`, `en-US`, `ja-JP`, `zh-TW`, `founder`, `sort`, `created_time`, `updated_time`) VALUES ('41113d3c-53e7-4411-98bb-754e1fd8116c', 'password', '0f5ebfbf-bd14-4b5c-9bf5-67929e36f653', '锁屏密码', 'Screen lock password', 'スクリーンロックのパスワードです', '鎖屏密碼', 'bf75a509-f90e-4a29-8bf7-470b581550f6', 1, '2023-01-11 11:23:19', '2023-01-11 11:23:19');
INSERT INTO `xmw_international` (`id`, `name`, `parent_id`, `zh-CN`, `en-US`, `ja-JP`, `zh-TW`, `founder`, `sort`, `created_time`, `updated_time`) VALUES ('41f82142-6334-4bc3-8287-606041455ade', 'headerTheme', '1d9ddc96-9292-4f08-a359-0c1384ff5802', '顶部菜单主题', 'Top menu Theme', 'トップメニューテーマ', '頂部菜單主題', 'bf75a509-f90e-4a29-8bf7-470b581550f6', 1, '2022-09-27 18:32:54', '2022-11-30 10:54:08');
INSERT INTO `xmw_international` (`id`, `name`, `parent_id`, `zh-CN`, `en-US`, `ja-JP`, `zh-TW`, `founder`, `sort`, `created_time`, `updated_time`) VALUES ('44182887-f08b-45b3-9291-5dfd4506a804', 'work-bench', 'ceca59e9-005c-42da-83e3-415fac994fac', '工作台', 'Work Bench', '作業台', '工作臺', 'bf75a509-f90e-4a29-8bf7-470b581550f6', 1, '2022-09-17 11:44:57', '2022-11-30 10:54:08');
INSERT INTO `xmw_international` (`id`, `name`, `parent_id`, `zh-CN`, `en-US`, `ja-JP`, `zh-TW`, `founder`, `sort`, `created_time`, `updated_time`) VALUES ('44d78ea8-4ab3-4073-b2c3-628b011b7f40', 'user-information', '5769baab-d018-4c98-8d60-05a98f46fb15', '用户信息', 'User Information', 'ユーザー情報', '用戶信息', 'bf75a509-f90e-4a29-8bf7-470b581550f6', 1, '2022-10-08 16:35:46', '2022-11-30 10:54:08');
INSERT INTO `xmw_international` (`id`, `name`, `parent_id`, `zh-CN`, `en-US`, `ja-JP`, `zh-TW`, `founder`, `sort`, `created_time`, `updated_time`) VALUES ('44fe6614-f996-4c29-b06b-b41ca15a67f2', 'login', 'e2b4930b-9c4d-410a-a05c-1e7ddbe5d21a', NULL, NULL, NULL, NULL, 'bf75a509-f90e-4a29-8bf7-470b581550f6', 1, '2022-09-17 11:52:49', '2023-09-07 17:26:55');
INSERT INTO `xmw_international` (`id`, `name`, `parent_id`, `zh-CN`, `en-US`, `ja-JP`, `zh-TW`, `founder`, `sort`, `created_time`, `updated_time`) VALUES ('4738239a-ddd2-41d8-8a94-88060de98a7b', 'account-password', 'e8ca71aa-4c2b-42c2-ac80-63677e1d80d7', '账户密码', 'Account Password', '口座番号です', '賬戶密碼', 'bf75a509-f90e-4a29-8bf7-470b581550f6', 1, '2023-01-13 18:19:46', '2023-01-13 18:19:46');
INSERT INTO `xmw_international` (`id`, `name`, `parent_id`, `zh-CN`, `en-US`, `ja-JP`, `zh-TW`, `founder`, `sort`, `created_time`, `updated_time`) VALUES ('47d4736b-ae0d-46dc-bdb5-41d1a4d71b8b', 'name', '5245540c-dfe2-4375-9964-96864b07b6e7', '国际化字段', 'Internationalization field', '国際化フィールド', '國際化字段', 'bf75a509-f90e-4a29-8bf7-470b581550f6', 1, '2022-09-18 14:04:24', '2022-11-30 10:54:08');
INSERT INTO `xmw_international` (`id`, `name`, `parent_id`, `zh-CN`, `en-US`, `ja-JP`, `zh-TW`, `founder`, `sort`, `created_time`, `updated_time`) VALUES ('47d58197-23db-4141-bebc-9bb4eff41032', 'right', '1d0c376a-0d14-4699-ae9f-712696e977b1', '关闭右侧', 'Close the Right', '右側を閉じる', '關閉右側', 'bf75a509-f90e-4a29-8bf7-470b581550f6', 1, '2022-09-21 14:56:51', '2023-10-25 13:39:33');
INSERT INTO `xmw_international` (`id`, `name`, `parent_id`, `zh-CN`, `en-US`, `ja-JP`, `zh-TW`, `founder`, `sort`, `created_time`, `updated_time`) VALUES ('47eba309-b9b8-4943-9e6c-cf2296e41214', 'add', '9d8cdcd5-2151-43fe-8230-3ae610a9b3e3', '新建', 'New', '新築', '新建', 'bf75a509-f90e-4a29-8bf7-470b581550f6', 99, '2022-09-30 10:41:29', '2022-11-30 10:54:08');
INSERT INTO `xmw_international` (`id`, `name`, `parent_id`, `zh-CN`, `en-US`, `ja-JP`, `zh-TW`, `founder`, `sort`, `created_time`, `updated_time`) VALUES ('483a6715-cd98-4c9e-9169-bf606f175ec5', 'latest-announcement', '08f997a9-39cb-4d35-bb73-8556a911e12f', '最新公告', 'Latest Announcement', '最新の発表です', '最新公告', 'bf75a509-f90e-4a29-8bf7-470b581550f6', 1, '2023-10-11 16:28:04', '2023-10-11 16:28:04');
INSERT INTO `xmw_international` (`id`, `name`, `parent_id`, `zh-CN`, `en-US`, `ja-JP`, `zh-TW`, `founder`, `sort`, `created_time`, `updated_time`) VALUES ('48ea12ef-201f-4738-8af8-066533179393', 'system', 'e8922ec5-d0d2-4911-a146-80c2efdd38b5', '系统设置', 'System Settings', 'システム設定', '系統設置', 'bf75a509-f90e-4a29-8bf7-470b581550f6', 1, '2022-09-17 11:49:51', '2022-11-30 10:54:08');
INSERT INTO `xmw_international` (`id`, `name`, `parent_id`, `zh-CN`, `en-US`, `ja-JP`, `zh-TW`, `founder`, `sort`, `created_time`, `updated_time`) VALUES ('49297e11-6817-4dab-bc40-5d6deb5f60ba', 'validator', 'bbeca07e-bef0-41e4-8700-116099451757', '角色名称的长度在2-36个字符', 'The character name can be 2-36 characters long', '役名の長さは2 ~ 36文字', '角色名稱的長度在2-36個字符', 'bf75a509-f90e-4a29-8bf7-470b581550f6', 1, '2022-11-03 10:07:42', '2022-11-30 10:54:08');
INSERT INTO `xmw_international` (`id`, `name`, `parent_id`, `zh-CN`, `en-US`, `ja-JP`, `zh-TW`, `founder`, `sort`, `created_time`, `updated_time`) VALUES ('49e7903b-0018-44f4-a93d-aced78460bc6', 'react', '1c5face7-ec06-465f-b67e-bf2c8183cc0a', 'React文档', 'React Documentation', 'Reactドキュメントです', 'React文檔', 'bf75a509-f90e-4a29-8bf7-470b581550f6', 10, '2023-08-11 16:13:24', '2023-08-11 17:50:22');
INSERT INTO `xmw_international` (`id`, `name`, `parent_id`, `zh-CN`, `en-US`, `ja-JP`, `zh-TW`, `founder`, `sort`, `created_time`, `updated_time`) VALUES ('4ba5a363-c16e-4f8e-abbd-8d653066aa0d', 'structure', '0960fd86-7e79-496b-83aa-c4159e516d8c', '组织架构', 'Organizational Structure', '組織構造', '組織架構', 'bf75a509-f90e-4a29-8bf7-470b581550f6', 1, '2022-09-26 09:23:00', '2022-11-30 10:54:08');
INSERT INTO `xmw_international` (`id`, `name`, `parent_id`, `zh-CN`, `en-US`, `ja-JP`, `zh-TW`, `founder`, `sort`, `created_time`, `updated_time`) VALUES ('4cdb34d3-25dc-4fe1-abee-862989ad6c57', 'role_id', '5ea52517-8c5e-419d-b59b-a923eb68f50e', '所属角色', 'Subordinate Role', '所属するキャラクター', '所屬角色', 'bf75a509-f90e-4a29-8bf7-470b581550f6', 1, '2022-10-08 16:00:05', '2022-11-30 10:54:08');
INSERT INTO `xmw_international` (`id`, `name`, `parent_id`, `zh-CN`, `en-US`, `ja-JP`, `zh-TW`, `founder`, `sort`, `created_time`, `updated_time`) VALUES ('4e17740d-5947-47cf-971c-fcadecbec940', 'edit', '32b547e4-e6a1-49bb-b801-cd377185ab43', '编辑', 'Edit', '編集', '編輯', 'bf75a509-f90e-4a29-8bf7-470b581550f6', 1, '2022-09-18 13:49:26', '2022-11-30 10:54:08');
INSERT INTO `xmw_international` (`id`, `name`, `parent_id`, `zh-CN`, `en-US`, `ja-JP`, `zh-TW`, `founder`, `sort`, `created_time`, `updated_time`) VALUES ('4e2d529b-f6b9-4fbb-aded-474ac0d3e5bc', 'light', 'ccc0571a-c91b-42e3-aefd-86ac6973c9d9', '亮色风格', 'Light', '明るい色のスタイルです', '亮色風格', 'bf75a509-f90e-4a29-8bf7-470b581550f6', 1, '2023-09-26 09:02:25', '2023-09-26 09:02:25');
INSERT INTO `xmw_international` (`id`, `name`, `parent_id`, `zh-CN`, `en-US`, `ja-JP`, `zh-TW`, `founder`, `sort`, `created_time`, `updated_time`) VALUES ('4e81caa4-2285-4aca-9e75-4e37cf8dbffa', 'redirect', '1d9ddc96-9292-4f08-a359-0c1384ff5802', '重定向', 'Redirect', 'リダイレクト', '重定向', 'bf75a509-f90e-4a29-8bf7-470b581550f6', 1, '2022-09-27 14:44:36', '2022-11-30 10:54:08');
INSERT INTO `xmw_international` (`id`, `name`, `parent_id`, `zh-CN`, `en-US`, `ja-JP`, `zh-TW`, `founder`, `sort`, `created_time`, `updated_time`) VALUES ('4ecb6135-4623-43ff-a988-08cb4ca4c13e', 'blog-tip', '08f997a9-39cb-4d35-bb73-8556a911e12f', '访问博客', 'Visit blog', 'ブログにアクセスします', '訪問博客', 'bf75a509-f90e-4a29-8bf7-470b581550f6', 1, '2023-10-11 10:09:07', '2023-10-11 10:09:07');
INSERT INTO `xmw_international` (`id`, `name`, `parent_id`, `zh-CN`, `en-US`, `ja-JP`, `zh-TW`, `founder`, `sort`, `created_time`, `updated_time`) VALUES ('4f8bb98f-1ea9-4dde-946b-f2897db47a6c', 'account', '5aaeba0a-4891-4bf5-9b09-cffbd8b36a86', '账号密码登录', 'Account Password Login', 'アカウントのパスワード登録', '賬號密碼登錄', 'bf75a509-f90e-4a29-8bf7-470b581550f6', 1, '2022-10-11 17:42:15', '2022-11-30 10:54:08');
INSERT INTO `xmw_international` (`id`, `name`, `parent_id`, `zh-CN`, `en-US`, `ja-JP`, `zh-TW`, `founder`, `sort`, `created_time`, `updated_time`) VALUES ('4faea96a-a6ed-4509-90b4-f398e25f0ee0', 'logout', 'fd9a9de8-6044-42fc-a128-eba14bea123d', NULL, NULL, NULL, NULL, 'bf75a509-f90e-4a29-8bf7-470b581550f6', 1, '2022-12-09 18:11:06', '2022-12-09 18:11:06');
INSERT INTO `xmw_international` (`id`, `name`, `parent_id`, `zh-CN`, `en-US`, `ja-JP`, `zh-TW`, `founder`, `sort`, `created_time`, `updated_time`) VALUES ('4ff5485e-8e16-4ad6-933f-027f07d0bb9b', 'unit', 'b786f8b1-4111-4fda-b16a-70bc010fe892', '门店', 'Unit', '単位です', '單位', 'bf75a509-f90e-4a29-8bf7-470b581550f6', 1, '2023-09-19 14:07:48', '2024-06-13 19:17:29');
INSERT INTO `xmw_international` (`id`, `name`, `parent_id`, `zh-CN`, `en-US`, `ja-JP`, `zh-TW`, `founder`, `sort`, `created_time`, `updated_time`) VALUES ('5059ae7e-dc45-467e-ba9c-55c43d66c4f5', '卡券列表', 'cdcc00f5-24f6-4170-8e8e-a115b82f3255', '卡券列表', '卡券列表', '卡券列表', '卡券列表', 'bf75a509-f90e-4a29-8bf7-470b581550f6', 1, '2024-06-25 19:40:04', '2024-06-25 19:40:04');
INSERT INTO `xmw_international` (`id`, `name`, `parent_id`, `zh-CN`, `en-US`, `ja-JP`, `zh-TW`, `founder`, `sort`, `created_time`, `updated_time`) VALUES ('505ca506-6cdc-4c88-b24b-479d6456bbde', 'user-management', '48ea12ef-201f-4738-8af8-066533179393', '用户管理', 'User Management', 'ユーザー管理', '用戶管理', 'bf75a509-f90e-4a29-8bf7-470b581550f6', 99, '2022-09-17 11:50:13', '2022-11-30 10:54:08');
INSERT INTO `xmw_international` (`id`, `name`, `parent_id`, `zh-CN`, `en-US`, `ja-JP`, `zh-TW`, `founder`, `sort`, `created_time`, `updated_time`) VALUES ('5073be03-8237-4fbb-9517-a10a05e6abc0', 'delete', '32b547e4-e6a1-49bb-b801-cd377185ab43', '删除', 'Delete', '削除', '刪除', 'bf75a509-f90e-4a29-8bf7-470b581550f6', 1, '2022-09-18 13:50:05', '2022-11-30 10:54:08');
INSERT INTO `xmw_international` (`id`, `name`, `parent_id`, `zh-CN`, `en-US`, `ja-JP`, `zh-TW`, `founder`, `sort`, `created_time`, `updated_time`) VALUES ('50d475a0-e2b8-4997-8426-a1e067b1db11', 'organization', 'aa2710b2-9faf-4369-aee3-ca7700d84e99', '组织管理', 'Organization Management', '組織マネジメント', '組織管理', 'bf75a509-f90e-4a29-8bf7-470b581550f6', 1, '2022-09-17 11:58:50', '2022-11-30 10:54:08');
INSERT INTO `xmw_international` (`id`, `name`, `parent_id`, `zh-CN`, `en-US`, `ja-JP`, `zh-TW`, `founder`, `sort`, `created_time`, `updated_time`) VALUES ('51738317-f9fc-48e2-9ace-b418fdacf8e3', 'role-management', '48ea12ef-201f-4738-8af8-066533179393', '角色管理', 'Role Management', '役割管理', '角色管理', 'bf75a509-f90e-4a29-8bf7-470b581550f6', 66, '2022-09-30 17:00:09', '2024-06-15 01:41:34');
INSERT INTO `xmw_international` (`id`, `name`, `parent_id`, `zh-CN`, `en-US`, `ja-JP`, `zh-TW`, `founder`, `sort`, `created_time`, `updated_time`) VALUES ('5245540c-dfe2-4375-9964-96864b07b6e7', 'internationalization', '251711b4-6fd3-4090-8a58-9cb67616e508', '国际化', 'Internationalization', '国際化', '國際化', 'bf75a509-f90e-4a29-8bf7-470b581550f6', 1, '2022-09-17 11:59:39', '2022-11-30 10:54:08');
INSERT INTO `xmw_international` (`id`, `name`, `parent_id`, `zh-CN`, `en-US`, `ja-JP`, `zh-TW`, `founder`, `sort`, `created_time`, `updated_time`) VALUES ('545b1f16-6cff-47da-a8a9-c6cf99af37ca', 'placeholder', '5f4057a8-db52-42c4-a4ca-5ca7761169e8', '密码:', 'Password:', '\'パスワード: ', '密碼:', 'bf75a509-f90e-4a29-8bf7-470b581550f6', 1, '2022-09-17 11:57:18', '2022-11-30 10:54:08');
INSERT INTO `xmw_international` (`id`, `name`, `parent_id`, `zh-CN`, `en-US`, `ja-JP`, `zh-TW`, `founder`, `sort`, `created_time`, `updated_time`) VALUES ('557122ed-0417-45df-8ee7-db7bc446934e', 'work_no', '5ea52517-8c5e-419d-b59b-a923eb68f50e', '工号', 'Work No', '工号', '工號', 'bf75a509-f90e-4a29-8bf7-470b581550f6', 1, '2022-10-08 14:15:53', '2022-11-30 10:54:08');
INSERT INTO `xmw_international` (`id`, `name`, `parent_id`, `zh-CN`, `en-US`, `ja-JP`, `zh-TW`, `founder`, `sort`, `created_time`, `updated_time`) VALUES ('5769baab-d018-4c98-8d60-05a98f46fb15', 'steps-form', '5ea52517-8c5e-419d-b59b-a923eb68f50e', NULL, NULL, NULL, NULL, 'bf75a509-f90e-4a29-8bf7-470b581550f6', 1, '2022-10-08 16:34:50', '2022-11-30 10:54:08');
INSERT INTO `xmw_international` (`id`, `name`, `parent_id`, `zh-CN`, `en-US`, `ja-JP`, `zh-TW`, `founder`, `sort`, `created_time`, `updated_time`) VALUES ('57bae84c-e7e0-484d-b3c1-83f12d281cd7', 'seleted', '87050d72-b32a-414f-97c9-a139c8dd308d', '请选择', 'Please Selected ', '選んでください', '請選擇', 'bf75a509-f90e-4a29-8bf7-470b581550f6', 1, '2022-09-18 17:53:53', '2023-08-31 15:12:54');
INSERT INTO `xmw_international` (`id`, `name`, `parent_id`, `zh-CN`, `en-US`, `ja-JP`, `zh-TW`, `founder`, `sort`, `created_time`, `updated_time`) VALUES ('57c8e251-49fb-4b9b-8444-587e779312d7', 'first-login', '0adff35e-9313-4119-a4f6-80dc8cda5558', '这是您第一次登录系统！', 'This is your first login to the system!', 'システムへのログインは初めてです!', '這是您第一次登錄系統！', 'bf75a509-f90e-4a29-8bf7-470b581550f6', 1, '2022-12-13 14:59:50', '2022-12-13 14:59:50');
INSERT INTO `xmw_international` (`id`, `name`, `parent_id`, `zh-CN`, `en-US`, `ja-JP`, `zh-TW`, `founder`, `sort`, `created_time`, `updated_time`) VALUES ('585804a5-42e7-4610-8db0-51def2fced0f', 'detail', 'a9175fe0-2809-4936-8e86-01abecbcf627', '顾客详情', '顾客详情', '顾客详情', '顾客详情', 'bf75a509-f90e-4a29-8bf7-470b581550f6', 1, '2024-06-15 01:23:29', '2024-06-22 11:18:49');
INSERT INTO `xmw_international` (`id`, `name`, `parent_id`, `zh-CN`, `en-US`, `ja-JP`, `zh-TW`, `founder`, `sort`, `created_time`, `updated_time`) VALUES ('5964805c-222d-4412-8abc-c8ce93e7e97c', 'StrengthMeter', '0c01ef7d-2f6f-440a-b642-62564d41f473', NULL, NULL, NULL, NULL, 'bf75a509-f90e-4a29-8bf7-470b581550f6', 1, '2023-01-12 18:10:17', '2023-01-12 18:10:17');
INSERT INTO `xmw_international` (`id`, `name`, `parent_id`, `zh-CN`, `en-US`, `ja-JP`, `zh-TW`, `founder`, `sort`, `created_time`, `updated_time`) VALUES ('5967f54b-a258-4d88-a73b-5f142f16c306', 'user_name', '4f8bb98f-1ea9-4dde-946b-f2897db47a6c', NULL, NULL, NULL, NULL, 'bf75a509-f90e-4a29-8bf7-470b581550f6', 1, '2022-09-17 11:55:24', '2022-11-30 10:54:08');
INSERT INTO `xmw_international` (`id`, `name`, `parent_id`, `zh-CN`, `en-US`, `ja-JP`, `zh-TW`, `founder`, `sort`, `created_time`, `updated_time`) VALUES ('5991245d-21ae-40c4-993f-73fa75600b8f', 'tip', '4738239a-ddd2-41d8-8a94-88060de98a7b', '当前密码强度', 'Current password strength', '現在の暗号強度です', '當前密碼強度', 'bf75a509-f90e-4a29-8bf7-470b581550f6', 1, '2023-01-13 18:21:07', '2023-01-13 18:21:07');
INSERT INTO `xmw_international` (`id`, `name`, `parent_id`, `zh-CN`, `en-US`, `ja-JP`, `zh-TW`, `founder`, `sort`, `created_time`, `updated_time`) VALUES ('59f454ea-e263-4870-8a9a-6a393eda0346', 'tooltip', 'c6271c0e-277f-4f81-b177-1c62ecc3d493', '请选择国际化绑定的字段', 'Select fields for internationalized binding', '国際化バインディングのフィールドを選んでください', '請選擇國際化綁定的字段', 'bf75a509-f90e-4a29-8bf7-470b581550f6', 1, '2022-09-27 11:13:46', '2022-11-30 10:54:08');
INSERT INTO `xmw_international` (`id`, `name`, `parent_id`, `zh-CN`, `en-US`, `ja-JP`, `zh-TW`, `founder`, `sort`, `created_time`, `updated_time`) VALUES ('5a165777-4a9b-4e49-8a77-6f4e26ed1b7f', 'menu_permission', 'bf652ff9-7210-4fda-9ece-4c7fa3e5ae87', '菜单权限', 'Menu Permissions', 'メニュー権限', '菜單權限', 'bf75a509-f90e-4a29-8bf7-470b581550f6', 1, '2022-09-30 17:58:41', '2022-11-30 10:54:08');
INSERT INTO `xmw_international` (`id`, `name`, `parent_id`, `zh-CN`, `en-US`, `ja-JP`, `zh-TW`, `founder`, `sort`, `created_time`, `updated_time`) VALUES ('5aaeba0a-4891-4bf5-9b09-cffbd8b36a86', 'type', '44fe6614-f996-4c29-b06b-b41ca15a67f2', NULL, NULL, NULL, NULL, 'bf75a509-f90e-4a29-8bf7-470b581550f6', 1, '2022-10-11 17:41:21', '2022-11-30 10:54:08');
INSERT INTO `xmw_international` (`id`, `name`, `parent_id`, `zh-CN`, `en-US`, `ja-JP`, `zh-TW`, `founder`, `sort`, `created_time`, `updated_time`) VALUES ('5b1bfcc3-20ca-4704-9eb1-6548ff5f2d4b', 'zh-CN', '5245540c-dfe2-4375-9964-96864b07b6e7', '中文', 'Chinese', '中文', '中文', 'bf75a509-f90e-4a29-8bf7-470b581550f6', 1, '2022-09-18 14:06:17', '2022-11-30 10:54:08');
INSERT INTO `xmw_international` (`id`, `name`, `parent_id`, `zh-CN`, `en-US`, `ja-JP`, `zh-TW`, `founder`, `sort`, `created_time`, `updated_time`) VALUES ('5bc83778-e508-4cfd-858d-5c360b94f3fb', 'FullScreen', 'a6a9d897-a458-43a8-913e-45ee9f8c7971', '全屏', 'FullScreen', '全般', '全屏', 'bf75a509-f90e-4a29-8bf7-470b581550f6', 1, '2023-01-03 16:15:17', '2023-09-14 15:54:30');
INSERT INTO `xmw_international` (`id`, `name`, `parent_id`, `zh-CN`, `en-US`, `ja-JP`, `zh-TW`, `founder`, `sort`, `created_time`, `updated_time`) VALUES ('5d09895d-3852-4f09-9c6e-9110ecaf53e6', 'group', 'b786f8b1-4111-4fda-b16a-70bc010fe892', '集团', 'Group', 'グループです', '集團', 'bf75a509-f90e-4a29-8bf7-470b581550f6', 1, '2023-09-19 14:06:55', '2023-09-19 14:06:55');
INSERT INTO `xmw_international` (`id`, `name`, `parent_id`, `zh-CN`, `en-US`, `ja-JP`, `zh-TW`, `founder`, `sort`, `created_time`, `updated_time`) VALUES ('5dfc65e3-e9e1-4b93-a989-2076c6986ccf', 'structure', 'aa2710b2-9faf-4369-aee3-ca7700d84e99', '组织架构', 'Organizational Structure', '組織構造', '組織架構', 'bf75a509-f90e-4a29-8bf7-470b581550f6', 1, '2022-09-26 09:22:12', '2022-11-30 10:54:08');
INSERT INTO `xmw_international` (`id`, `name`, `parent_id`, `zh-CN`, `en-US`, `ja-JP`, `zh-TW`, `founder`, `sort`, `created_time`, `updated_time`) VALUES ('5ea52517-8c5e-419d-b59b-a923eb68f50e', 'user-management', '251711b4-6fd3-4090-8a58-9cb67616e508', '用户管理', 'User Management', 'ユーザー管理', '用戶管理', 'bf75a509-f90e-4a29-8bf7-470b581550f6', 1, '2022-09-17 11:59:20', '2022-11-30 10:54:08');
INSERT INTO `xmw_international` (`id`, `name`, `parent_id`, `zh-CN`, `en-US`, `ja-JP`, `zh-TW`, `founder`, `sort`, `created_time`, `updated_time`) VALUES ('5f4057a8-db52-42c4-a4ca-5ca7761169e8', 'password', '4f8bb98f-1ea9-4dde-946b-f2897db47a6c', NULL, NULL, NULL, NULL, 'bf75a509-f90e-4a29-8bf7-470b581550f6', 1, '2022-09-17 11:56:52', '2022-11-30 10:54:08');
INSERT INTO `xmw_international` (`id`, `name`, `parent_id`, `zh-CN`, `en-US`, `ja-JP`, `zh-TW`, `founder`, `sort`, `created_time`, `updated_time`) VALUES ('5f5f29f7-b79e-4937-adec-3906bf1e27c8', 'left', '1d0c376a-0d14-4699-ae9f-712696e977b1', '关闭左侧', 'Close the Left', '左側を閉じる', '關閉左側', 'bf75a509-f90e-4a29-8bf7-470b581550f6', 1, '2022-09-21 14:55:41', '2023-10-25 13:39:41');
INSERT INTO `xmw_international` (`id`, `name`, `parent_id`, `zh-CN`, `en-US`, `ja-JP`, `zh-TW`, `founder`, `sort`, `created_time`, `updated_time`) VALUES ('6086994a-f9e4-47a2-87d9-7ce96de0fd8b', 'path', 'bf2ca4d5-cde9-46d4-930e-12a5aa95a1b6', '路由', 'Path', '共有', '路由', 'bf75a509-f90e-4a29-8bf7-470b581550f6', 1, '2023-03-20 15:46:39', '2023-03-20 15:46:39');
INSERT INTO `xmw_international` (`id`, `name`, `parent_id`, `zh-CN`, `en-US`, `ja-JP`, `zh-TW`, `founder`, `sort`, `created_time`, `updated_time`) VALUES ('60ba1100-72a4-4484-bd7f-e273f826408f', 'others', '1d0c376a-0d14-4699-ae9f-712696e977b1', '关闭其它', 'Close the Other', 'その他を閉じる', '關閉其它', 'bf75a509-f90e-4a29-8bf7-470b581550f6', 1, '2022-09-21 14:54:57', '2023-10-25 13:39:49');
INSERT INTO `xmw_international` (`id`, `name`, `parent_id`, `zh-CN`, `en-US`, `ja-JP`, `zh-TW`, `founder`, `sort`, `created_time`, `updated_time`) VALUES ('60c26b8b-4bc1-4ae5-8d8c-4176c89698c1', 'author', 'b411813b-aaaf-4bd8-958d-1682a1f87b68', '作者', 'Author', '作者です', '作者', 'bf75a509-f90e-4a29-8bf7-470b581550f6', 1, '2023-08-30 10:03:16', '2023-08-30 10:03:16');
INSERT INTO `xmw_international` (`id`, `name`, `parent_id`, `zh-CN`, `en-US`, `ja-JP`, `zh-TW`, `founder`, `sort`, `created_time`, `updated_time`) VALUES ('6195d09a-12a6-4d35-8586-f54298228619', 'failure', '44fe6614-f996-4c29-b06b-b41ca15a67f2', '登录失败，请重试！', 'Login failed, please try again!', 'ログインに失敗したら、もう一度試してください!', '登錄失敗，請重試！', 'bf75a509-f90e-4a29-8bf7-470b581550f6', 1, '2022-09-17 11:54:48', '2022-11-30 10:54:08');
INSERT INTO `xmw_international` (`id`, `name`, `parent_id`, `zh-CN`, `en-US`, `ja-JP`, `zh-TW`, `founder`, `sort`, `created_time`, `updated_time`) VALUES ('61a3ef50-2bd0-4093-bae1-e6bc494369e6', 'delete', 'f1a1c4f7-9122-42a6-a5f2-84ce59f37807', '删除', 'Delete', '削除', '刪除', 'bf75a509-f90e-4a29-8bf7-470b581550f6', 1, '2023-08-28 09:18:49', '2023-08-28 09:18:49');
INSERT INTO `xmw_international` (`id`, `name`, `parent_id`, `zh-CN`, `en-US`, `ja-JP`, `zh-TW`, `founder`, `sort`, `created_time`, `updated_time`) VALUES ('6262ffe4-2964-405c-a43a-caab05f1a989', 'weak', '5964805c-222d-4412-8abc-c8ce93e7e97c', '弱', 'weak', '弱い', '弱', 'bf75a509-f90e-4a29-8bf7-470b581550f6', 1, '2023-01-12 18:11:26', '2023-01-12 18:11:26');
INSERT INTO `xmw_international` (`id`, `name`, `parent_id`, `zh-CN`, `en-US`, `ja-JP`, `zh-TW`, `founder`, `sort`, `created_time`, `updated_time`) VALUES ('630b29a5-77d0-4c50-867c-226227ce6fd5', 'add-child', 'fdaf8a23-8777-46ff-9142-f30eb3e4d8ee', '添加子级', 'Add Child', 'サブレベルを追加する', '添加子级', 'bf75a509-f90e-4a29-8bf7-470b581550f6', 1, '2022-09-30 10:43:35', '2023-08-31 17:24:40');
INSERT INTO `xmw_international` (`id`, `name`, `parent_id`, `zh-CN`, `en-US`, `ja-JP`, `zh-TW`, `founder`, `sort`, `created_time`, `updated_time`) VALUES ('636af2d2-52ac-4228-89bb-e7876c2d1e4b', 'nest', '1c5face7-ec06-465f-b67e-bf2c8183cc0a', 'Nest文档', 'Nest Documentation', 'Nestドキュメントです', 'Nest文檔', 'bf75a509-f90e-4a29-8bf7-470b581550f6', 8, '2023-08-11 17:18:09', '2023-08-11 17:50:30');
INSERT INTO `xmw_international` (`id`, `name`, `parent_id`, `zh-CN`, `en-US`, `ja-JP`, `zh-TW`, `founder`, `sort`, `created_time`, `updated_time`) VALUES ('641f3543-8091-4202-9978-2423a66cb6c9', 'personal-setting', '218b6d3c-38df-4b88-b8dc-d544454297a1', '个人设置', 'Personal Setting', '個人設定です', '個人設置', 'bf75a509-f90e-4a29-8bf7-470b581550f6', 1, '2023-01-12 16:33:05', '2023-01-12 16:33:05');
INSERT INTO `xmw_international` (`id`, `name`, `parent_id`, `zh-CN`, `en-US`, `ja-JP`, `zh-TW`, `founder`, `sort`, `created_time`, `updated_time`) VALUES ('6529451e-64d0-4f65-b80b-d806722daf75', 'leader', '33f25830-6bdb-4a22-839a-15562e446c3f', '负责人', 'Leader', '責任者', '負責人', 'bf75a509-f90e-4a29-8bf7-470b581550f6', 1, '2022-12-01 17:02:46', '2022-12-01 17:02:46');
INSERT INTO `xmw_international` (`id`, `name`, `parent_id`, `zh-CN`, `en-US`, `ja-JP`, `zh-TW`, `founder`, `sort`, `created_time`, `updated_time`) VALUES ('67761aaf-1f58-4afa-97be-613221d397f2', 'add-child', 'c4d9c21d-f619-48eb-8ceb-537cb064247e', '添加子级', 'Add Child', 'サブレベルを追加する', '添加子级', 'bf75a509-f90e-4a29-8bf7-470b581550f6', 66, '2022-09-30 10:19:01', '2022-11-30 10:54:08');
INSERT INTO `xmw_international` (`id`, `name`, `parent_id`, `zh-CN`, `en-US`, `ja-JP`, `zh-TW`, `founder`, `sort`, `created_time`, `updated_time`) VALUES ('67914d51-62fe-4bf7-b6e2-c8e6987e9a1b', 'git-log', '08f997a9-39cb-4d35-bb73-8556a911e12f', 'Git 更新日志', 'Git update log', 'Git更新ログです', 'Git 更新日誌', 'bf75a509-f90e-4a29-8bf7-470b581550f6', 1, '2023-10-11 16:25:59', '2023-10-11 16:25:59');
INSERT INTO `xmw_international` (`id`, `name`, `parent_id`, `zh-CN`, `en-US`, `ja-JP`, `zh-TW`, `founder`, `sort`, `created_time`, `updated_time`) VALUES ('68e87020-2ff1-484e-a2d8-23e6b7f58b4c', 'basic-setting', '641f3543-8091-4202-9978-2423a66cb6c9', '基本设置', 'Basic Setting', '基本設定です', '基本設置', 'bf75a509-f90e-4a29-8bf7-470b581550f6', 1, '2023-01-12 18:17:06', '2023-01-12 18:17:06');
INSERT INTO `xmw_international` (`id`, `name`, `parent_id`, `zh-CN`, `en-US`, `ja-JP`, `zh-TW`, `founder`, `sort`, `created_time`, `updated_time`) VALUES ('69499142-5a66-4923-b1df-2397ad516149', 'sex', '5ea52517-8c5e-419d-b59b-a923eb68f50e', '性别', 'Sex', '性别', '性別', 'bf75a509-f90e-4a29-8bf7-470b581550f6', 1, '2022-10-08 17:35:18', '2022-11-30 10:54:08');
INSERT INTO `xmw_international` (`id`, `name`, `parent_id`, `zh-CN`, `en-US`, `ja-JP`, `zh-TW`, `founder`, `sort`, `created_time`, `updated_time`) VALUES ('69601e1c-5c18-4121-b30e-9ee7f903fb8d', 'tooltip', '8eec5109-65ca-45ca-a247-3ff9a61667d0', '导航菜单的位置,side 为正常模式，top菜单显示在顶部，mix 两种兼有', 'The location of the navigation menu,side is the normal mode, the top menu is displayed on the top, and MIX has both', 'ナビゲーションメニューの位置は、sideがノーマルモード、topメニューが上部に表示され、mixの2種類を兼ねている', '導航菜單的位置,side 為正常模式，top菜單顯示在頂部，mix 兩種兼有', 'bf75a509-f90e-4a29-8bf7-470b581550f6', 1, '2022-09-27 18:25:50', '2022-11-30 10:54:08');
INSERT INTO `xmw_international` (`id`, `name`, `parent_id`, `zh-CN`, `en-US`, `ja-JP`, `zh-TW`, `founder`, `sort`, `created_time`, `updated_time`) VALUES ('6a881bc8-e504-4b32-b424-e15cbe01ff79', 'members', 'cdcc00f5-24f6-4170-8e8e-a115b82f3255', '会员卡券', '会员卡券', '会员卡券', '会员卡券', 'bf75a509-f90e-4a29-8bf7-470b581550f6', 1, '2024-06-27 21:07:18', '2024-06-27 21:07:18');
INSERT INTO `xmw_international` (`id`, `name`, `parent_id`, `zh-CN`, `en-US`, `ja-JP`, `zh-TW`, `founder`, `sort`, `created_time`, `updated_time`) VALUES ('6b14f19e-3728-4abf-abd6-56b0a1df9d39', 'tip', '8c5b3043-89c4-4266-b262-9002ad757b4b', '修改密码后，你将退出当前页面重新登录', 'After changing the password, you will exit the current page and log in again', 'パスワードを変更すると、ログアウトしてログインし直します。', '修改密碼後，你將退出當前頁面重新登錄', 'bf75a509-f90e-4a29-8bf7-470b581550f6', 1, '2023-01-12 17:03:29', '2023-01-12 17:03:29');
INSERT INTO `xmw_international` (`id`, `name`, `parent_id`, `zh-CN`, `en-US`, `ja-JP`, `zh-TW`, `founder`, `sort`, `created_time`, `updated_time`) VALUES ('6bfdeee5-3b40-4eb8-9b6e-43fabfc2458e', 'obtain', 'b4886664-cdd0-4108-ac7f-e0758cb14db2', '获取', 'Obtain', '取得', '獲取', 'bf75a509-f90e-4a29-8bf7-470b581550f6', 1, '2022-10-11 17:52:51', '2022-11-30 10:54:08');
INSERT INTO `xmw_international` (`id`, `name`, `parent_id`, `zh-CN`, `en-US`, `ja-JP`, `zh-TW`, `founder`, `sort`, `created_time`, `updated_time`) VALUES ('6ce14350-b984-4405-ab87-ec0826948203', 'user_name', '5ea52517-8c5e-419d-b59b-a923eb68f50e', '用户名', 'User Name', 'ユーザー名', '用戶名', 'bf75a509-f90e-4a29-8bf7-470b581550f6', 1, '2022-10-08 14:11:13', '2022-11-30 10:54:08');
INSERT INTO `xmw_international` (`id`, `name`, `parent_id`, `zh-CN`, `en-US`, `ja-JP`, `zh-TW`, `founder`, `sort`, `created_time`, `updated_time`) VALUES ('6d2c19d9-5e21-41fa-99af-e35d1f7d1d0b', 'describe', '234ca5d3-d0e3-4525-9d39-e500745ba791', '描述', 'describe', '描写', '描述', 'bf75a509-f90e-4a29-8bf7-470b581550f6', 1, '2022-09-23 14:15:59', '2022-11-30 10:54:08');
INSERT INTO `xmw_international` (`id`, `name`, `parent_id`, `zh-CN`, `en-US`, `ja-JP`, `zh-TW`, `founder`, `sort`, `created_time`, `updated_time`) VALUES ('6d809d46-3509-4438-8a66-6d5baf0812af', 'message', '9d9e17ad-e767-4d9a-9102-1866c2590f74', NULL, NULL, NULL, NULL, 'bf75a509-f90e-4a29-8bf7-470b581550f6', 1, '2022-09-18 13:50:54', '2022-11-30 10:54:08');
INSERT INTO `xmw_international` (`id`, `name`, `parent_id`, `zh-CN`, `en-US`, `ja-JP`, `zh-TW`, `founder`, `sort`, `created_time`, `updated_time`) VALUES ('6fad92cf-d40f-4e80-8ba6-29ec6c37725a', 'secure-mailbox', 'e8ca71aa-4c2b-42c2-ac80-63677e1d80d7', '安全邮箱', 'Secure Mailbox', '安全メールボックスです', '安全郵箱', 'bf75a509-f90e-4a29-8bf7-470b581550f6', 1, '2023-01-13 18:24:13', '2023-01-13 18:24:13');
INSERT INTO `xmw_international` (`id`, `name`, `parent_id`, `zh-CN`, `en-US`, `ja-JP`, `zh-TW`, `founder`, `sort`, `created_time`, `updated_time`) VALUES ('70e7e9a0-159c-497d-8e68-a5308b84b675', 'target', '1d9ddc96-9292-4f08-a359-0c1384ff5802', '窗口打开方式', 'Window opening mode', 'ウィンドウの開き方', '窗口打開方式', 'bf75a509-f90e-4a29-8bf7-470b581550f6', 1, '2022-09-27 16:02:28', '2022-11-30 10:54:08');
INSERT INTO `xmw_international` (`id`, `name`, `parent_id`, `zh-CN`, `en-US`, `ja-JP`, `zh-TW`, `founder`, `sort`, `created_time`, `updated_time`) VALUES ('72503261-9838-40b8-995e-e4f4751c66b9', 'department', 'b786f8b1-4111-4fda-b16a-70bc010fe892', '部门', 'Department', '部署です', '部門', 'bf75a509-f90e-4a29-8bf7-470b581550f6', 1, '2023-09-19 14:08:22', '2023-09-19 14:08:22');
INSERT INTO `xmw_international` (`id`, `name`, `parent_id`, `zh-CN`, `en-US`, `ja-JP`, `zh-TW`, `founder`, `sort`, `created_time`, `updated_time`) VALUES ('7287f78c-fb97-4026-ab11-35aab662705d', 'personal-information', '5769baab-d018-4c98-8d60-05a98f46fb15', '个人信息', 'Personal Information', '個人情報', '個人信息', 'bf75a509-f90e-4a29-8bf7-470b581550f6', 1, '2022-10-08 17:11:54', '2022-11-30 10:54:08');
INSERT INTO `xmw_international` (`id`, `name`, `parent_id`, `zh-CN`, `en-US`, `ja-JP`, `zh-TW`, `founder`, `sort`, `created_time`, `updated_time`) VALUES ('7389515b-cbc7-4608-a757-c9b235e1b77a', 'accept', '244e23fd-62e6-40ee-a425-0a75d347ebde', '只能上传 {type} 文件！', 'Only {type} files can be uploaded!', '{type}ファイルのみアップロードできます!', '只能上傳 {type} 文件！', 'bf75a509-f90e-4a29-8bf7-470b581550f6', 1, '2023-09-15 17:06:21', '2023-09-15 17:06:21');
INSERT INTO `xmw_international` (`id`, `name`, `parent_id`, `zh-CN`, `en-US`, `ja-JP`, `zh-TW`, `founder`, `sort`, `created_time`, `updated_time`) VALUES ('74312053-cc00-4b2b-b9ce-052088fb4d70', 'method', 'bf2ca4d5-cde9-46d4-930e-12a5aa95a1b6', '请求方式', 'Request method', '請求方法です', '請求方式', 'bf75a509-f90e-4a29-8bf7-470b581550f6', 1, '2023-03-20 15:48:39', '2023-03-20 15:48:39');
INSERT INTO `xmw_international` (`id`, `name`, `parent_id`, `zh-CN`, `en-US`, `ja-JP`, `zh-TW`, `founder`, `sort`, `created_time`, `updated_time`) VALUES ('7472080e-dcda-45ab-b351-29ea7385a822', 'user_agent', 'bf2ca4d5-cde9-46d4-930e-12a5aa95a1b6', '代理', 'Agent', '代理', '代理', 'bf75a509-f90e-4a29-8bf7-470b581550f6', 1, '2023-03-20 15:50:08', '2023-03-20 15:50:08');
INSERT INTO `xmw_international` (`id`, `name`, `parent_id`, `zh-CN`, `en-US`, `ja-JP`, `zh-TW`, `founder`, `sort`, `created_time`, `updated_time`) VALUES ('7584d757-277a-4ed8-a797-1c21a03207b0', 'error', 'cf1e2401-7736-493e-9a6a-1b531740add5', '密码不正确，请重新输入!', 'Password is incorrect, please re-enter!', 'パスワードが正しくありません。入力し直してください。', '密碼不正確，請重新輸入!', 'bf75a509-f90e-4a29-8bf7-470b581550f6', 1, '2023-01-09 14:18:11', '2023-01-09 14:18:11');
INSERT INTO `xmw_international` (`id`, `name`, `parent_id`, `zh-CN`, `en-US`, `ja-JP`, `zh-TW`, `founder`, `sort`, `created_time`, `updated_time`) VALUES ('75abf5be-600b-4f91-b5e6-1cf22e2932d6', 'preview', '7b12ebc6-e48a-4a0c-be28-acd440a6dde4', '预览', 'Preview', 'プレビューです', '預覽', 'bf75a509-f90e-4a29-8bf7-470b581550f6', 1, '2023-10-26 15:51:32', '2023-10-26 15:51:32');
INSERT INTO `xmw_international` (`id`, `name`, `parent_id`, `zh-CN`, `en-US`, `ja-JP`, `zh-TW`, `founder`, `sort`, `created_time`, `updated_time`) VALUES ('76b6beea-a909-47f6-a14e-416dc11a1e08', 'fixedHeader', '1d9ddc96-9292-4f08-a359-0c1384ff5802', '固定顶栏', 'Fixed the top bar', 'トップバーを固定する', '固定頂欄', 'bf75a509-f90e-4a29-8bf7-470b581550f6', 1, '2022-09-27 18:19:37', '2022-11-30 10:54:08');
INSERT INTO `xmw_international` (`id`, `name`, `parent_id`, `zh-CN`, `en-US`, `ja-JP`, `zh-TW`, `founder`, `sort`, `created_time`, `updated_time`) VALUES ('77129817-9cc2-45a3-8269-0acf8e9797bb', 'activity', 'c7ad15ae-8a35-41b8-8a3c-2d4feeb88096', '活动', 'Activity', 'イベントです', '活動', 'bf75a509-f90e-4a29-8bf7-470b581550f6', 1, '2023-09-18 10:10:10', '2023-09-18 10:10:10');
INSERT INTO `xmw_international` (`id`, `name`, `parent_id`, `zh-CN`, `en-US`, `ja-JP`, `zh-TW`, `founder`, `sort`, `created_time`, `updated_time`) VALUES ('776b87dc-9f58-48a0-8cae-19e9b46b64e3', 'project-recommend', '7b12ebc6-e48a-4a0c-be28-acd440a6dde4', '项目推荐', 'Project recommendation', 'プロジェクトの推薦です', '項目推薦', 'bf75a509-f90e-4a29-8bf7-470b581550f6', 1, '2023-10-26 15:55:34', '2023-10-26 15:55:34');
INSERT INTO `xmw_international` (`id`, `name`, `parent_id`, `zh-CN`, `en-US`, `ja-JP`, `zh-TW`, `founder`, `sort`, `created_time`, `updated_time`) VALUES ('7868fd04-78bc-4b5c-8254-f7f9b085915b', 'general', '5964805c-222d-4412-8abc-c8ce93e7e97c', '一般', 'General', '一般', '一般', 'bf75a509-f90e-4a29-8bf7-470b581550f6', 1, '2023-01-12 18:12:09', '2023-01-12 18:12:09');
INSERT INTO `xmw_international` (`id`, `name`, `parent_id`, `zh-CN`, `en-US`, `ja-JP`, `zh-TW`, `founder`, `sort`, `created_time`, `updated_time`) VALUES ('7addc4ef-6734-4677-b303-c752912caac2', 'tags', '5ea52517-8c5e-419d-b59b-a923eb68f50e', '人物标签', 'Figure Labels', '人物タグ', '人物標簽', 'bf75a509-f90e-4a29-8bf7-470b581550f6', 1, '2022-10-09 10:41:19', '2022-11-30 10:54:08');
INSERT INTO `xmw_international` (`id`, `name`, `parent_id`, `zh-CN`, `en-US`, `ja-JP`, `zh-TW`, `founder`, `sort`, `created_time`, `updated_time`) VALUES ('7b12ebc6-e48a-4a0c-be28-acd440a6dde4', 'personal-information', '218b6d3c-38df-4b88-b8dc-d544454297a1', '个人信息', 'Personal information', '個人情報です', '個人信息', 'bf75a509-f90e-4a29-8bf7-470b581550f6', 1, '2023-10-26 15:50:45', '2023-10-26 15:50:45');
INSERT INTO `xmw_international` (`id`, `name`, `parent_id`, `zh-CN`, `en-US`, `ja-JP`, `zh-TW`, `founder`, `sort`, `created_time`, `updated_time`) VALUES ('7dcad954-f775-4b52-abd7-23bd840139bb', 'icon', '1d9ddc96-9292-4f08-a359-0c1384ff5802', '图标', 'Icon', 'アイコン', '圖標', 'bf75a509-f90e-4a29-8bf7-470b581550f6', 1, '2022-09-27 14:47:39', '2022-11-30 10:54:08');
INSERT INTO `xmw_international` (`id`, `name`, `parent_id`, `zh-CN`, `en-US`, `ja-JP`, `zh-TW`, `founder`, `sort`, `created_time`, `updated_time`) VALUES ('7e0760bf-e3a8-4514-897c-39b1b59780b6', 'certified', '0a8078ee-a632-4dd8-a943-624541391743', '已认证', 'Certified', '認証済みです', '已認證', 'bf75a509-f90e-4a29-8bf7-470b581550f6', 1, '2023-03-20 17:19:05', '2023-03-20 17:19:05');
INSERT INTO `xmw_international` (`id`, `name`, `parent_id`, `zh-CN`, `en-US`, `ja-JP`, `zh-TW`, `founder`, `sort`, `created_time`, `updated_time`) VALUES ('7e1ea2fa-cc6b-4b7e-b7ff-c18b9832122a', 'dark', 'ccc0571a-c91b-42e3-aefd-86ac6973c9d9', '暗黑风格', 'Dark', 'ダークスタイルです', '暗黑風格', 'bf75a509-f90e-4a29-8bf7-470b581550f6', 1, '2023-09-26 09:01:43', '2023-09-26 09:01:43');
INSERT INTO `xmw_international` (`id`, `name`, `parent_id`, `zh-CN`, `en-US`, `ja-JP`, `zh-TW`, `founder`, `sort`, `created_time`, `updated_time`) VALUES ('7e91f7b1-9fa4-4192-8828-6d3a657eba34', 'mix', '8eec5109-65ca-45ca-a247-3ff9a61667d0', '混合菜单', 'Mix', 'ミックスメニュー', '混合菜單', 'bf75a509-f90e-4a29-8bf7-470b581550f6', 1, '2023-09-25 17:51:24', '2023-09-25 17:51:24');
INSERT INTO `xmw_international` (`id`, `name`, `parent_id`, `zh-CN`, `en-US`, `ja-JP`, `zh-TW`, `founder`, `sort`, `created_time`, `updated_time`) VALUES ('804f0013-7f7d-4d60-9d93-e192f8e40230', 'very-weak', '5964805c-222d-4412-8abc-c8ce93e7e97c', '非常弱', 'Very Weak', 'とても弱いです', '非常弱', 'bf75a509-f90e-4a29-8bf7-470b581550f6', 1, '2023-01-12 18:11:02', '2023-01-12 18:11:02');
INSERT INTO `xmw_international` (`id`, `name`, `parent_id`, `zh-CN`, `en-US`, `ja-JP`, `zh-TW`, `founder`, `sort`, `created_time`, `updated_time`) VALUES ('80bc7545-1e34-4a39-a37a-b07ca74943b5', 'add-child', '32b547e4-e6a1-49bb-b801-cd377185ab43', '添加子级', 'Add  Child', 'サブレベルを追加する', '添加子級', 'bf75a509-f90e-4a29-8bf7-470b581550f6', 1, '2022-09-18 13:48:51', '2022-11-30 10:54:08');
INSERT INTO `xmw_international` (`id`, `name`, `parent_id`, `zh-CN`, `en-US`, `ja-JP`, `zh-TW`, `founder`, `sort`, `created_time`, `updated_time`) VALUES ('8180d242-96b1-4767-a5c8-0eebac58d2b1', 'edit', 'a6c7dac1-30b2-42de-b0ad-963b4e138e7a', '编辑', '编辑', '编辑', '编辑', 'bf75a509-f90e-4a29-8bf7-470b581550f6', 1, '2024-06-15 17:37:25', '2024-06-15 17:37:25');
INSERT INTO `xmw_international` (`id`, `name`, `parent_id`, `zh-CN`, `en-US`, `ja-JP`, `zh-TW`, `founder`, `sort`, `created_time`, `updated_time`) VALUES ('825f6b36-1a0e-4270-a18a-b6e1133ee180', 'Logout', 'a6a9d897-a458-43a8-913e-45ee9f8c7971', '退出登录', 'Log out', 'ログアウトします', '退出登錄', 'bf75a509-f90e-4a29-8bf7-470b581550f6', 1, '2023-01-09 14:24:36', '2023-09-14 15:53:00');
INSERT INTO `xmw_international` (`id`, `name`, `parent_id`, `zh-CN`, `en-US`, `ja-JP`, `zh-TW`, `founder`, `sort`, `created_time`, `updated_time`) VALUES ('8268f13f-53ac-457b-b9a6-695d65d366a9', 'validator', '264f7bf8-c189-445d-aa08-bf8f52e23b7c', '岗位名称的长度在2-36个字符', 'The job title should be 2 to 36 characters long', '部署名の長さは2 ~ 36文字', '崗位名稱的長度在2-36個字符', 'bf75a509-f90e-4a29-8bf7-470b581550f6', 1, '2022-11-08 11:20:37', '2022-11-30 10:54:08');
INSERT INTO `xmw_international` (`id`, `name`, `parent_id`, `zh-CN`, `en-US`, `ja-JP`, `zh-TW`, `founder`, `sort`, `created_time`, `updated_time`) VALUES ('8396a118-ca44-403a-9b03-3d0f31e48eff', 'maxSize', '244e23fd-62e6-40ee-a425-0a75d347ebde', '图片大小限制在{size}MB以内!', 'Image size is limited to {size}MB!', '画像サイズは{size}MBに制限します!', '圖片大小限製在{size}MB以內!', 'bf75a509-f90e-4a29-8bf7-470b581550f6', 1, '2023-09-15 17:04:26', '2023-09-15 17:04:26');
INSERT INTO `xmw_international` (`id`, `name`, `parent_id`, `zh-CN`, `en-US`, `ja-JP`, `zh-TW`, `founder`, `sort`, `created_time`, `updated_time`) VALUES ('83d21706-8614-42f8-a491-ef9ba04c3913', 'hideChildrenInMenu', '1d9ddc96-9292-4f08-a359-0c1384ff5802', '隐藏子路由', 'Hide subroutes', '子路を隠す', '隱藏子路由', 'bf75a509-f90e-4a29-8bf7-470b581550f6', 1, '2022-09-27 18:12:06', '2022-11-30 10:54:08');
INSERT INTO `xmw_international` (`id`, `name`, `parent_id`, `zh-CN`, `en-US`, `ja-JP`, `zh-TW`, `founder`, `sort`, `created_time`, `updated_time`) VALUES ('83e02616-bb7a-4c02-97d4-bade828025f4', 'delete', 'c4d9c21d-f619-48eb-8ceb-537cb064247e', '删除', 'Delete', '削除', '刪除', 'bf75a509-f90e-4a29-8bf7-470b581550f6', 88, '2022-09-30 10:17:44', '2022-11-30 10:54:08');
INSERT INTO `xmw_international` (`id`, `name`, `parent_id`, `zh-CN`, `en-US`, `ja-JP`, `zh-TW`, `founder`, `sort`, `created_time`, `updated_time`) VALUES ('84ae4f6f-77d4-4363-bc11-cecc766dc996', 'message', 'f5b542a1-a8a2-4900-9e98-0519e7654d9a', '请上传头像', 'Please upload photo', '画像のアップロードをお願いします', '請上傳頭像', 'bf75a509-f90e-4a29-8bf7-470b581550f6', 1, '2023-08-30 16:17:59', '2023-08-30 16:17:59');
INSERT INTO `xmw_international` (`id`, `name`, `parent_id`, `zh-CN`, `en-US`, `ja-JP`, `zh-TW`, `founder`, `sort`, `created_time`, `updated_time`) VALUES ('84c0867d-120b-4dab-b164-5eeddc4709e0', 'ActionButtons', 'a6a9d897-a458-43a8-913e-45ee9f8c7971', NULL, NULL, NULL, NULL, 'bf75a509-f90e-4a29-8bf7-470b581550f6', 1, '2023-10-23 14:01:44', '2023-10-23 14:01:44');
INSERT INTO `xmw_international` (`id`, `name`, `parent_id`, `zh-CN`, `en-US`, `ja-JP`, `zh-TW`, `founder`, `sort`, `created_time`, `updated_time`) VALUES ('85501869-1929-406b-9084-e9cd709d21cc', 'add', 'c4d9c21d-f619-48eb-8ceb-537cb064247e', '新建', 'New', '新築', '新建', 'bf75a509-f90e-4a29-8bf7-470b581550f6', 99, '2022-09-30 10:16:21', '2022-11-30 10:54:08');
INSERT INTO `xmw_international` (`id`, `name`, `parent_id`, `zh-CN`, `en-US`, `ja-JP`, `zh-TW`, `founder`, `sort`, `created_time`, `updated_time`) VALUES ('85b75ef0-19e8-45a5-9d0e-230abc433107', 'devDependencies', 'd3b5584a-6b4d-4eb8-a3ef-5090f5f3c4e9', '开发环境依赖', 'Development environment dependency', '開発環境依存症です', '開發環境依賴', 'bf75a509-f90e-4a29-8bf7-470b581550f6', 1, '2023-07-26 17:29:21', '2023-10-11 16:50:13');
INSERT INTO `xmw_international` (`id`, `name`, `parent_id`, `zh-CN`, `en-US`, `ja-JP`, `zh-TW`, `founder`, `sort`, `created_time`, `updated_time`) VALUES ('85eb76fb-5f11-45cb-85b5-ef8afa2ccf15', 'add-child', '9d8cdcd5-2151-43fe-8230-3ae610a9b3e3', '添加子级', 'Add Child', 'サブレベルを追加する', '添加子级', 'bf75a509-f90e-4a29-8bf7-470b581550f6', 66, '2022-09-30 10:43:05', '2023-08-31 17:24:51');
INSERT INTO `xmw_international` (`id`, `name`, `parent_id`, `zh-CN`, `en-US`, `ja-JP`, `zh-TW`, `founder`, `sort`, `created_time`, `updated_time`) VALUES ('87050d72-b32a-414f-97c9-a139c8dd308d', 'placeholder', '33f25830-6bdb-4a22-839a-15562e446c3f', '请输入', 'Please enter ', '入力してください', '請輸入', 'bf75a509-f90e-4a29-8bf7-470b581550f6', 1, '2022-09-18 14:27:36', '2023-08-31 15:12:35');
INSERT INTO `xmw_international` (`id`, `name`, `parent_id`, `zh-CN`, `en-US`, `ja-JP`, `zh-TW`, `founder`, `sort`, `created_time`, `updated_time`) VALUES ('878435c7-d6e6-4122-9d0a-58f29ad8c8dc', 'org_id', '5ea52517-8c5e-419d-b59b-a923eb68f50e', '所属组织', 'Organization', '所属する組織', '所屬組織', 'bf75a509-f90e-4a29-8bf7-470b581550f6', 1, '2022-10-08 16:22:42', '2022-11-30 10:54:08');
INSERT INTO `xmw_international` (`id`, `name`, `parent_id`, `zh-CN`, `en-US`, `ja-JP`, `zh-TW`, `founder`, `sort`, `created_time`, `updated_time`) VALUES ('88658d49-0f7c-4fde-bcc9-9d6ca658365e', 'en-US', '5245540c-dfe2-4375-9964-96864b07b6e7', '英文', 'English', '英文', '英文', 'bf75a509-f90e-4a29-8bf7-470b581550f6', 1, '2022-09-18 14:07:00', '2022-11-30 10:54:08');
INSERT INTO `xmw_international` (`id`, `name`, `parent_id`, `zh-CN`, `en-US`, `ja-JP`, `zh-TW`, `founder`, `sort`, `created_time`, `updated_time`) VALUES ('899c5dba-3b9e-410e-83ba-cd3207c3c9ca', 'status', '9d9e17ad-e767-4d9a-9102-1866c2590f74', '状态', 'Status', '状态', '狀態', 'bf75a509-f90e-4a29-8bf7-470b581550f6', 1, '2022-09-18 17:47:27', '2022-11-30 10:54:08');
INSERT INTO `xmw_international` (`id`, `name`, `parent_id`, `zh-CN`, `en-US`, `ja-JP`, `zh-TW`, `founder`, `sort`, `created_time`, `updated_time`) VALUES ('8afbb635-4fda-402b-bf2e-bbe496e8c9cb', 'org_logo', '50d475a0-e2b8-4997-8426-a1e067b1db11', '组织 Logo', 'Organization Logo', '組織ロゴです', '組織 Logo', 'bf75a509-f90e-4a29-8bf7-470b581550f6', 1, '2023-08-30 13:36:54', '2023-08-30 13:36:54');
INSERT INTO `xmw_international` (`id`, `name`, `parent_id`, `zh-CN`, `en-US`, `ja-JP`, `zh-TW`, `founder`, `sort`, `created_time`, `updated_time`) VALUES ('8b6a7e47-7752-40c2-b03a-9228defd30c3', 'secret', '69499142-5a66-4923-b1df-2397ad516149', '保密', 'Secret', '秘密', '保密', 'bf75a509-f90e-4a29-8bf7-470b581550f6', 1, '2022-11-25 10:53:22', '2023-09-26 09:26:43');
INSERT INTO `xmw_international` (`id`, `name`, `parent_id`, `zh-CN`, `en-US`, `ja-JP`, `zh-TW`, `founder`, `sort`, `created_time`, `updated_time`) VALUES ('8c4eb1b4-7fe8-4eca-92e8-ea9030e59095', 'title', 'b411813b-aaaf-4bd8-958d-1682a1f87b68', '标题', 'Title', '見出しです', '標題', 'bf75a509-f90e-4a29-8bf7-470b581550f6', 1, '2023-08-28 16:53:42', '2023-08-28 16:53:42');
INSERT INTO `xmw_international` (`id`, `name`, `parent_id`, `zh-CN`, `en-US`, `ja-JP`, `zh-TW`, `founder`, `sort`, `created_time`, `updated_time`) VALUES ('8c5b3043-89c4-4266-b262-9002ad757b4b', 'change-password', '641f3543-8091-4202-9978-2423a66cb6c9', '修改密码', 'Change Password', 'パスワードを変更します', '修改密碼', 'bf75a509-f90e-4a29-8bf7-470b581550f6', 1, '2023-01-12 16:33:51', '2023-01-12 16:33:51');
INSERT INTO `xmw_international` (`id`, `name`, `parent_id`, `zh-CN`, `en-US`, `ja-JP`, `zh-TW`, `founder`, `sort`, `created_time`, `updated_time`) VALUES ('8c88ad4c-27cc-498a-b04b-c6805982d26a', 'avatar_url', '5ea52517-8c5e-419d-b59b-a923eb68f50e', '头像', 'Avatar', '顔', '頭像', 'bf75a509-f90e-4a29-8bf7-470b581550f6', 1, '2022-10-10 14:43:01', '2022-11-30 10:54:08');
INSERT INTO `xmw_international` (`id`, `name`, `parent_id`, `zh-CN`, `en-US`, `ja-JP`, `zh-TW`, `founder`, `sort`, `created_time`, `updated_time`) VALUES ('8e99357f-c71f-47dc-a8d4-290fe40249b9', 'title', '1d9ddc96-9292-4f08-a359-0c1384ff5802', '菜单', 'Menu', 'メニュー', '菜單', 'bf75a509-f90e-4a29-8bf7-470b581550f6', 1, '2022-09-27 10:18:32', '2022-11-30 10:54:08');
INSERT INTO `xmw_international` (`id`, `name`, `parent_id`, `zh-CN`, `en-US`, `ja-JP`, `zh-TW`, `founder`, `sort`, `created_time`, `updated_time`) VALUES ('8eec5109-65ca-45ca-a247-3ff9a61667d0', 'layout', '1d9ddc96-9292-4f08-a359-0c1384ff5802', '显示layout布局', 'Display Layout ', 'レイアウト表示', '顯示layout布局', 'bf75a509-f90e-4a29-8bf7-470b581550f6', 1, '2022-09-27 18:08:33', '2022-11-30 10:54:08');
INSERT INTO `xmw_international` (`id`, `name`, `parent_id`, `zh-CN`, `en-US`, `ja-JP`, `zh-TW`, `founder`, `sort`, `created_time`, `updated_time`) VALUES ('8f96392e-461a-44e8-9a90-3d5c34d927dc', 'female', '69499142-5a66-4923-b1df-2397ad516149', '女', 'Female', '女', '女', 'bf75a509-f90e-4a29-8bf7-470b581550f6', 1, '2022-10-10 15:22:34', '2022-11-30 10:54:08');
INSERT INTO `xmw_international` (`id`, `name`, `parent_id`, `zh-CN`, `en-US`, `ja-JP`, `zh-TW`, `founder`, `sort`, `created_time`, `updated_time`) VALUES ('8fa4e7ae-addb-4a29-a2f8-0e0a551a7581', 'password', '5ea52517-8c5e-419d-b59b-a923eb68f50e', '密码', 'Password', 'パスワード', '密碼', 'bf75a509-f90e-4a29-8bf7-470b581550f6', 1, '2022-10-08 18:15:24', '2022-11-30 10:54:08');
INSERT INTO `xmw_international` (`id`, `name`, `parent_id`, `zh-CN`, `en-US`, `ja-JP`, `zh-TW`, `founder`, `sort`, `created_time`, `updated_time`) VALUES ('92b79458-f590-420b-8bef-be03e49e6208', 'title', '50d475a0-e2b8-4997-8426-a1e067b1db11', '组织', 'Organization', '組織', '組織', 'bf75a509-f90e-4a29-8bf7-470b581550f6', 1, '2022-09-18 17:58:37', '2022-11-30 10:54:08');
INSERT INTO `xmw_international` (`id`, `name`, `parent_id`, `zh-CN`, `en-US`, `ja-JP`, `zh-TW`, `founder`, `sort`, `created_time`, `updated_time`) VALUES ('92e1670f-3d65-49a3-8b65-cffe529ad03e', 'edit', '9d8cdcd5-2151-43fe-8230-3ae610a9b3e3', '编辑', 'Edit', '編集', '編輯', 'bf75a509-f90e-4a29-8bf7-470b581550f6', 77, '2022-09-30 10:42:31', '2022-11-30 10:54:08');
INSERT INTO `xmw_international` (`id`, `name`, `parent_id`, `zh-CN`, `en-US`, `ja-JP`, `zh-TW`, `founder`, `sort`, `created_time`, `updated_time`) VALUES ('93a0e62e-0451-4ef2-ac25-992d9c7234dc', 'button', 'f6136444-211c-4657-b241-b9074ea3a75c', '按钮', 'Button', 'ボタンです', '按鈕', 'bf75a509-f90e-4a29-8bf7-470b581550f6', 1, '2023-09-25 11:10:51', '2023-09-25 11:10:51');
INSERT INTO `xmw_international` (`id`, `name`, `parent_id`, `zh-CN`, `en-US`, `ja-JP`, `zh-TW`, `founder`, `sort`, `created_time`, `updated_time`) VALUES ('954854fb-5d43-44e9-bb2b-1f21c955948b', 'tooltip', 'd5faf90d-a327-4f48-8143-a98e7de0783e', '不选默认为顶级', 'Do not select the default as top-level', 'デフォルトをトップに選ばない', '不選默認為頂級', 'bf75a509-f90e-4a29-8bf7-470b581550f6', 1, '2022-09-18 14:20:56', '2022-11-30 10:54:08');
INSERT INTO `xmw_international` (`id`, `name`, `parent_id`, `zh-CN`, `en-US`, `ja-JP`, `zh-TW`, `founder`, `sort`, `created_time`, `updated_time`) VALUES ('9576f3c1-e5da-4d49-b796-5133185c5dbe', 'placeholder', '5967f54b-a258-4d88-a73b-5f142f16c306', '用户名:', 'User name:', 'ユーザー名:', '用戶名:', 'bf75a509-f90e-4a29-8bf7-470b581550f6', 1, '2022-09-17 11:55:50', '2022-11-30 10:54:08');
INSERT INTO `xmw_international` (`id`, `name`, `parent_id`, `zh-CN`, `en-US`, `ja-JP`, `zh-TW`, `founder`, `sort`, `created_time`, `updated_time`) VALUES ('96138789-674c-4e00-9de4-6ebda0fab288', 'sort', '234ca5d3-d0e3-4525-9d39-e500745ba791', '排序', 'Sort', '序列', '排序', 'bf75a509-f90e-4a29-8bf7-470b581550f6', 1, '2022-09-27 16:12:45', '2022-11-30 10:54:08');
INSERT INTO `xmw_international` (`id`, `name`, `parent_id`, `zh-CN`, `en-US`, `ja-JP`, `zh-TW`, `founder`, `sort`, `created_time`, `updated_time`) VALUES ('96330a0d-807e-479d-a12b-95b71874f104', 'footerRender', '1d9ddc96-9292-4f08-a359-0c1384ff5802', '显示页脚', 'According to the footer', 'ページフットを表示する', '顯示頁腳', 'bf75a509-f90e-4a29-8bf7-470b581550f6', 1, '2022-09-27 18:15:42', '2022-11-30 10:54:08');
INSERT INTO `xmw_international` (`id`, `name`, `parent_id`, `zh-CN`, `en-US`, `ja-JP`, `zh-TW`, `founder`, `sort`, `created_time`, `updated_time`) VALUES ('970cfbf4-8a57-4163-9005-be5ca325911a', 'menu', 'f6136444-211c-4657-b241-b9074ea3a75c', '菜单', 'Menu', 'メニューです', '菜單', 'bf75a509-f90e-4a29-8bf7-470b581550f6', 1, '2023-09-25 11:10:25', '2023-09-25 11:10:25');
INSERT INTO `xmw_international` (`id`, `name`, `parent_id`, `zh-CN`, `en-US`, `ja-JP`, `zh-TW`, `founder`, `sort`, `created_time`, `updated_time`) VALUES ('9d8634fa-55a3-4957-b706-c7c71a09023d', 'rules', 'ee435be2-a0a5-44a3-9a00-38708661b995', '手机号码格式不正确！', 'The format of mobile phone number is incorrect!', '携帯の番号のフォーマットが正しくありません!', '手機號碼格式不正確！', 'bf75a509-f90e-4a29-8bf7-470b581550f6', 1, '2022-10-11 17:48:57', '2022-11-30 10:54:08');
INSERT INTO `xmw_international` (`id`, `name`, `parent_id`, `zh-CN`, `en-US`, `ja-JP`, `zh-TW`, `founder`, `sort`, `created_time`, `updated_time`) VALUES ('9d8cdcd5-2151-43fe-8230-3ae610a9b3e3', 'jobs-management', '0960fd86-7e79-496b-83aa-c4159e516d8c', '岗位管理', 'Jobs Management', '持ち場管理', '崗位管理', 'bf75a509-f90e-4a29-8bf7-470b581550f6', 8, '2022-09-23 14:39:17', '2022-11-30 10:54:08');
INSERT INTO `xmw_international` (`id`, `name`, `parent_id`, `zh-CN`, `en-US`, `ja-JP`, `zh-TW`, `founder`, `sort`, `created_time`, `updated_time`) VALUES ('9d9e17ad-e767-4d9a-9102-1866c2590f74', 'global', NULL, NULL, NULL, NULL, NULL, 'bf75a509-f90e-4a29-8bf7-470b581550f6', 1, '2022-09-18 13:40:17', '2022-11-30 10:54:08');
INSERT INTO `xmw_international` (`id`, `name`, `parent_id`, `zh-CN`, `en-US`, `ja-JP`, `zh-TW`, `founder`, `sort`, `created_time`, `updated_time`) VALUES ('9f7ff01b-3569-4fa9-bf73-42d6b5c0dee4', 'company', 'b786f8b1-4111-4fda-b16a-70bc010fe892', '公司', 'Company', '会社です', '公司', 'bf75a509-f90e-4a29-8bf7-470b581550f6', 1, '2023-09-19 14:07:22', '2023-09-19 14:07:22');
INSERT INTO `xmw_international` (`id`, `name`, `parent_id`, `zh-CN`, `en-US`, `ja-JP`, `zh-TW`, `founder`, `sort`, `created_time`, `updated_time`) VALUES ('a051a371-c23c-4da5-83ac-dacf12660d48', 'github-issues', '84c0867d-120b-4dab-b164-5eeddc4709e0', 'Github Issues', 'Github Issues', 'Github Issuesです', 'Github Issues', 'bf75a509-f90e-4a29-8bf7-470b581550f6', 1, '2023-10-23 14:12:47', '2023-10-23 14:12:47');
INSERT INTO `xmw_international` (`id`, `name`, `parent_id`, `zh-CN`, `en-US`, `ja-JP`, `zh-TW`, `founder`, `sort`, `created_time`, `updated_time`) VALUES ('a1a2326a-dee4-40be-9f85-cb18ec87e049', 'add', 'a6c7dac1-30b2-42de-b0ad-963b4e138e7a', '新增', '新增', '新增', '新增', 'bf75a509-f90e-4a29-8bf7-470b581550f6', 1, '2024-06-15 17:37:03', '2024-06-15 17:37:03');
INSERT INTO `xmw_international` (`id`, `name`, `parent_id`, `zh-CN`, `en-US`, `ja-JP`, `zh-TW`, `founder`, `sort`, `created_time`, `updated_time`) VALUES ('a3a86371-722b-4005-afa3-725de69da94a', 'failure', 'b4886664-cdd0-4108-ac7f-e0758cb14db2', '验证码错误！', 'Verification code error!', 'captchaエラーです!', '驗證碼錯誤！', 'bf75a509-f90e-4a29-8bf7-470b581550f6', 1, '2022-12-13 15:12:10', '2022-12-13 15:12:10');
INSERT INTO `xmw_international` (`id`, `name`, `parent_id`, `zh-CN`, `en-US`, `ja-JP`, `zh-TW`, `founder`, `sort`, `created_time`, `updated_time`) VALUES ('a3e5683c-c551-4f47-aa6e-15c64b69e01d', 'operation-log', '48ea12ef-201f-4738-8af8-066533179393', '操作日志', 'Operation Log', '操作ログ', '操作日誌', 'bf75a509-f90e-4a29-8bf7-470b581550f6', 1, '2022-09-17 11:51:13', '2022-11-30 10:54:08');
INSERT INTO `xmw_international` (`id`, `name`, `parent_id`, `zh-CN`, `en-US`, `ja-JP`, `zh-TW`, `founder`, `sort`, `created_time`, `updated_time`) VALUES ('a54c782b-b087-4aa1-a56e-7fc4aec746a9', 'edit', 'fdaf8a23-8777-46ff-9142-f30eb3e4d8ee', '编辑', 'Edit', '編集', '編輯', 'bf75a509-f90e-4a29-8bf7-470b581550f6', 1, '2022-09-30 10:43:56', '2022-11-30 10:54:08');
INSERT INTO `xmw_international` (`id`, `name`, `parent_id`, `zh-CN`, `en-US`, `ja-JP`, `zh-TW`, `founder`, `sort`, `created_time`, `updated_time`) VALUES ('a599be84-8074-448e-8251-d5dfd4fee091', 'last-time', '0adff35e-9313-4119-a4f6-80dc8cda5558', '距离您上次登录已是', 'It has been since your last login', '前回ログインしてからですが', '距離您上次登錄已是', 'bf75a509-f90e-4a29-8bf7-470b581550f6', 1, '2022-12-13 14:49:33', '2022-12-13 14:49:33');
INSERT INTO `xmw_international` (`id`, `name`, `parent_id`, `zh-CN`, `en-US`, `ja-JP`, `zh-TW`, `founder`, `sort`, `created_time`, `updated_time`) VALUES ('a5a8d5ec-4601-46dc-a89e-8304fe9850aa', 'pinned', 'b411813b-aaaf-4bd8-958d-1682a1f87b68', '是否置顶', 'Top or not', '屋根ですか', '是否置頂', 'bf75a509-f90e-4a29-8bf7-470b581550f6', 1, '2023-08-29 10:18:11', '2023-08-29 10:18:11');
INSERT INTO `xmw_international` (`id`, `name`, `parent_id`, `zh-CN`, `en-US`, `ja-JP`, `zh-TW`, `founder`, `sort`, `created_time`, `updated_time`) VALUES ('a600858c-7ae7-4bda-bfa5-70a777d9669c', 'notification', 'c7ad15ae-8a35-41b8-8a3c-2d4feeb88096', '通知', 'Notification', 'お知らせします', '通知', 'bf75a509-f90e-4a29-8bf7-470b581550f6', 1, '2023-09-18 10:11:29', '2023-09-18 10:11:29');
INSERT INTO `xmw_international` (`id`, `name`, `parent_id`, `zh-CN`, `en-US`, `ja-JP`, `zh-TW`, `founder`, `sort`, `created_time`, `updated_time`) VALUES ('a6a9d897-a458-43a8-913e-45ee9f8c7971', 'BasicLayout', '0c01ef7d-2f6f-440a-b642-62564d41f473', NULL, NULL, NULL, NULL, 'bf75a509-f90e-4a29-8bf7-470b581550f6', 1, '2023-09-14 15:47:50', '2023-09-14 15:47:50');
INSERT INTO `xmw_international` (`id`, `name`, `parent_id`, `zh-CN`, `en-US`, `ja-JP`, `zh-TW`, `founder`, `sort`, `created_time`, `updated_time`) VALUES ('a6abdcb5-23d7-49de-a3b0-8b2a885c96f2', 'mobile', '5aaeba0a-4891-4bf5-9b09-cffbd8b36a86', '手机登录', 'Mobile Login', '携帯電話の登録', '手機登錄', 'bf75a509-f90e-4a29-8bf7-470b581550f6', 1, '2022-10-11 17:43:00', '2022-11-30 10:54:08');
INSERT INTO `xmw_international` (`id`, `name`, `parent_id`, `zh-CN`, `en-US`, `ja-JP`, `zh-TW`, `founder`, `sort`, `created_time`, `updated_time`) VALUES ('a6c7dac1-30b2-42de-b0ad-963b4e138e7a', 'list', '21f6d4e3-0293-407f-86c1-6b2bc0d6d74d', '店铺列表', '店铺列表', '店铺列表', '店铺列表', 'bf75a509-f90e-4a29-8bf7-470b581550f6', 1, '2024-06-15 02:31:29', '2024-06-15 17:28:05');
INSERT INTO `xmw_international` (`id`, `name`, `parent_id`, `zh-CN`, `en-US`, `ja-JP`, `zh-TW`, `founder`, `sort`, `created_time`, `updated_time`) VALUES ('a9175fe0-2809-4936-8e86-01abecbcf627', 'customer', 'e8922ec5-d0d2-4911-a146-80c2efdd38b5', '客户管理', '客户管理', '客户管理', '客户管理', 'bf75a509-f90e-4a29-8bf7-470b581550f6', 1, '2024-06-15 00:32:28', '2024-06-15 00:32:28');
INSERT INTO `xmw_international` (`id`, `name`, `parent_id`, `zh-CN`, `en-US`, `ja-JP`, `zh-TW`, `founder`, `sort`, `created_time`, `updated_time`) VALUES ('a9f86639-4d27-46c3-8f6a-bfb59ed1a061', 'required', '5967f54b-a258-4d88-a73b-5f142f16c306', '用户名是必填项！', 'User name is required!', 'ユーザー名は必須!', '用戶名是必填項！', 'bf75a509-f90e-4a29-8bf7-470b581550f6', 1, '2022-09-17 11:56:45', '2022-11-30 10:54:09');
INSERT INTO `xmw_international` (`id`, `name`, `parent_id`, `zh-CN`, `en-US`, `ja-JP`, `zh-TW`, `founder`, `sort`, `created_time`, `updated_time`) VALUES ('aa2710b2-9faf-4369-aee3-ca7700d84e99', 'administrative', 'fd9a9de8-6044-42fc-a128-eba14bea123d', NULL, NULL, NULL, NULL, 'bf75a509-f90e-4a29-8bf7-470b581550f6', 1, '2022-09-17 11:58:23', '2022-11-30 10:54:09');
INSERT INTO `xmw_international` (`id`, `name`, `parent_id`, `zh-CN`, `en-US`, `ja-JP`, `zh-TW`, `founder`, `sort`, `created_time`, `updated_time`) VALUES ('aa8468ff-4388-45bf-90e8-eb8be94591d8', 'environmental-dependence', 'ceca59e9-005c-42da-83e3-415fac994fac', '环境依赖', 'Environmental dependence', '環境依存症です', '環境依賴', 'bf75a509-f90e-4a29-8bf7-470b581550f6', 1, '2023-08-08 09:30:38', '2023-08-08 09:30:38');
INSERT INTO `xmw_international` (`id`, `name`, `parent_id`, `zh-CN`, `en-US`, `ja-JP`, `zh-TW`, `founder`, `sort`, `created_time`, `updated_time`) VALUES ('aa940619-140c-4236-94aa-48425b68813e', 'error', '8c5b3043-89c4-4266-b262-9002ad757b4b', '原密码错误!', 'The old password is wrong!', '元パスワードエラーです!', '原密碼錯誤!', 'bf75a509-f90e-4a29-8bf7-470b581550f6', 1, '2023-01-12 17:02:12', '2023-01-12 17:02:12');
INSERT INTO `xmw_international` (`id`, `name`, `parent_id`, `zh-CN`, `en-US`, `ja-JP`, `zh-TW`, `founder`, `sort`, `created_time`, `updated_time`) VALUES ('ad9f3a17-9903-4315-958f-92325151fa26', 'refresh', '84c0867d-120b-4dab-b164-5eeddc4709e0', '刷新页面', 'Refresh page', '刷新页面', '刷新頁面', 'bf75a509-f90e-4a29-8bf7-470b581550f6', 1, '2023-10-23 14:03:52', '2023-10-23 14:03:52');
INSERT INTO `xmw_international` (`id`, `name`, `parent_id`, `zh-CN`, `en-US`, `ja-JP`, `zh-TW`, `founder`, `sort`, `created_time`, `updated_time`) VALUES ('adb1f6a2-c43c-4c56-88a8-eaa514dc7ea5', 'tooltip', '96138789-674c-4e00-9de4-6ebda0fab288', '排序越大，位置越靠前', 'The larger the order, the higher the position', '順位が大きいほど上位に位置する', '排序越大，位置越靠前', 'bf75a509-f90e-4a29-8bf7-470b581550f6', 1, '2022-09-27 16:14:13', '2022-11-30 10:54:09');
INSERT INTO `xmw_international` (`id`, `name`, `parent_id`, `zh-CN`, `en-US`, `ja-JP`, `zh-TW`, `founder`, `sort`, `created_time`, `updated_time`) VALUES ('adf8c65a-240e-4255-9093-b82bead8bd3c', 'operation', '234ca5d3-d0e3-4525-9d39-e500745ba791', '操作', 'operation', '操作', '操作', 'bf75a509-f90e-4a29-8bf7-470b581550f6', 1, '2022-09-18 13:47:57', '2022-11-30 10:54:09');
INSERT INTO `xmw_international` (`id`, `name`, `parent_id`, `zh-CN`, `en-US`, `ja-JP`, `zh-TW`, `founder`, `sort`, `created_time`, `updated_time`) VALUES ('afe8b7aa-7548-4ffd-8425-ec6570605393', 'rules', '8fa4e7ae-addb-4a29-a2f8-0e0a551a7581', '6-12位字符的密码', 'A password of 6 to 12 characters', '6桁から12桁のパスワードです', '6-12位字符的密碼', 'bf75a509-f90e-4a29-8bf7-470b581550f6', 1, '2023-01-12 17:08:00', '2023-01-12 17:08:00');
INSERT INTO `xmw_international` (`id`, `name`, `parent_id`, `zh-CN`, `en-US`, `ja-JP`, `zh-TW`, `founder`, `sort`, `created_time`, `updated_time`) VALUES ('b293a203-ae6a-4233-ac5b-0db99cf55571', 'side', '8eec5109-65ca-45ca-a247-3ff9a61667d0', '侧边菜单', 'Side', 'サイドメニュー', '側邊菜單', 'bf75a509-f90e-4a29-8bf7-470b581550f6', 1, '2023-09-25 17:37:48', '2023-09-25 17:50:04');
INSERT INTO `xmw_international` (`id`, `name`, `parent_id`, `zh-CN`, `en-US`, `ja-JP`, `zh-TW`, `founder`, `sort`, `created_time`, `updated_time`) VALUES ('b411813b-aaaf-4bd8-958d-1682a1f87b68', 'announcement', 'aa2710b2-9faf-4369-aee3-ca7700d84e99', '活动公告', 'Event announcement', 'イベント告知です', '活動公告', 'bf75a509-f90e-4a29-8bf7-470b581550f6', 1, '2023-08-28 16:51:50', '2023-08-28 16:51:50');
INSERT INTO `xmw_international` (`id`, `name`, `parent_id`, `zh-CN`, `en-US`, `ja-JP`, `zh-TW`, `founder`, `sort`, `created_time`, `updated_time`) VALUES ('b45c063c-d1ee-4076-8118-a4884d37474b', 'potential-customer', 'a9175fe0-2809-4936-8e86-01abecbcf627', '潜在客户', '潜在客户', '潜在客户', '潜在客户', 'bf75a509-f90e-4a29-8bf7-470b581550f6', 1, '2024-06-21 21:15:07', '2024-06-21 21:20:32');
INSERT INTO `xmw_international` (`id`, `name`, `parent_id`, `zh-CN`, `en-US`, `ja-JP`, `zh-TW`, `founder`, `sort`, `created_time`, `updated_time`) VALUES ('b4886664-cdd0-4108-ac7f-e0758cb14db2', 'captcha', 'a6abdcb5-23d7-49de-a3b0-8b2a885c96f2', '验证码', 'Verification code', 'captcha', '驗證碼', 'bf75a509-f90e-4a29-8bf7-470b581550f6', 1, '2022-10-11 17:51:18', '2022-11-30 10:54:09');
INSERT INTO `xmw_international` (`id`, `name`, `parent_id`, `zh-CN`, `en-US`, `ja-JP`, `zh-TW`, `founder`, `sort`, `created_time`, `updated_time`) VALUES ('b4d1ec51-957a-483a-92c2-2ddd09c4113d', 'announcement', 'c7ad15ae-8a35-41b8-8a3c-2d4feeb88096', '公告', 'Announcement', '公告します', '公告', 'bf75a509-f90e-4a29-8bf7-470b581550f6', 1, '2023-09-18 10:09:11', '2023-09-18 10:09:11');
INSERT INTO `xmw_international` (`id`, `name`, `parent_id`, `zh-CN`, `en-US`, `ja-JP`, `zh-TW`, `founder`, `sort`, `created_time`, `updated_time`) VALUES ('b69a9e36-3cab-472b-a61c-3570ef8207c8', 'umi', '1c5face7-ec06-465f-b67e-bf2c8183cc0a', 'Umi文档（外链）', 'Umi Documentation (external link)', 'Umiドキュメント(アウトライン)です', 'Umi文檔（外鏈）', 'bf75a509-f90e-4a29-8bf7-470b581550f6', 4, '2023-08-11 17:20:06', '2023-08-11 17:53:33');
INSERT INTO `xmw_international` (`id`, `name`, `parent_id`, `zh-CN`, `en-US`, `ja-JP`, `zh-TW`, `founder`, `sort`, `created_time`, `updated_time`) VALUES ('b786f8b1-4111-4fda-b16a-70bc010fe892', 'org_type', '50d475a0-e2b8-4997-8426-a1e067b1db11', '组织类型', 'Organization types', '組織のタイプ', '組織類型', 'bf75a509-f90e-4a29-8bf7-470b581550f6', 1, '2022-09-18 17:46:21', '2022-11-30 10:54:09');
INSERT INTO `xmw_international` (`id`, `name`, `parent_id`, `zh-CN`, `en-US`, `ja-JP`, `zh-TW`, `founder`, `sort`, `created_time`, `updated_time`) VALUES ('b7c06dcb-c744-4053-9d30-ae0461c6ed1e', 'confirm', 'cb2edc15-2e6d-4de6-ab92-14cfc727569e', '确认', 'Confirm', '确认', '確認', 'bf75a509-f90e-4a29-8bf7-470b581550f6', 1, '2023-01-09 14:21:18', '2023-01-09 14:21:18');
INSERT INTO `xmw_international` (`id`, `name`, `parent_id`, `zh-CN`, `en-US`, `ja-JP`, `zh-TW`, `founder`, `sort`, `created_time`, `updated_time`) VALUES ('b8e33966-e98d-4bfe-be52-c226fa675787', 'accountLogin', '44fe6614-f996-4c29-b06b-b41ca15a67f2', NULL, NULL, NULL, NULL, 'bf75a509-f90e-4a29-8bf7-470b581550f6', 1, '2022-09-17 11:53:26', '2022-11-30 10:54:09');
INSERT INTO `xmw_international` (`id`, `name`, `parent_id`, `zh-CN`, `en-US`, `ja-JP`, `zh-TW`, `founder`, `sort`, `created_time`, `updated_time`) VALUES ('b9450f4f-339d-44bb-b2c5-5b0891eef189', 'top', '8eec5109-65ca-45ca-a247-3ff9a61667d0', '顶部菜单', 'Top', 'トップメニュー', '頂部菜單', 'bf75a509-f90e-4a29-8bf7-470b581550f6', 1, '2023-09-25 17:50:49', '2023-09-25 17:50:49');
INSERT INTO `xmw_international` (`id`, `name`, `parent_id`, `zh-CN`, `en-US`, `ja-JP`, `zh-TW`, `founder`, `sort`, `created_time`, `updated_time`) VALUES ('bbeca07e-bef0-41e4-8700-116099451757', 'role_name', 'bf652ff9-7210-4fda-9ece-4c7fa3e5ae87', '角色名称', 'Role Name', '役名', '角色名稱', 'bf75a509-f90e-4a29-8bf7-470b581550f6', 1, '2022-09-30 17:16:27', '2022-11-30 10:54:09');
INSERT INTO `xmw_international` (`id`, `name`, `parent_id`, `zh-CN`, `en-US`, `ja-JP`, `zh-TW`, `founder`, `sort`, `created_time`, `updated_time`) VALUES ('bce03c1b-ba73-495e-90fe-84af1851761e', 'error', '0f5ebfbf-bd14-4b5c-9bf5-67929e36f653', '密码错误', 'Password Error', 'パスワードの誤りです', '密碼錯誤', 'bf75a509-f90e-4a29-8bf7-470b581550f6', 1, '2023-01-11 18:09:26', '2023-01-11 18:10:59');
INSERT INTO `xmw_international` (`id`, `name`, `parent_id`, `zh-CN`, `en-US`, `ja-JP`, `zh-TW`, `founder`, `sort`, `created_time`, `updated_time`) VALUES ('bdbfee3e-cf52-4162-b2e2-82e0bef2fe35', 'tip', '0c075bb7-805c-47aa-9eff-03a49267a00a', '已绑定手机', 'Bound mobile phone', '携帯電話に結合されています', '已綁定手機', 'bf75a509-f90e-4a29-8bf7-470b581550f6', 1, '2023-01-13 18:23:16', '2023-01-13 18:23:16');
INSERT INTO `xmw_international` (`id`, `name`, `parent_id`, `zh-CN`, `en-US`, `ja-JP`, `zh-TW`, `founder`, `sort`, `created_time`, `updated_time`) VALUES ('bdcbe983-b255-4a6d-bf83-e5030a31a89f', 'org_name', '50d475a0-e2b8-4997-8426-a1e067b1db11', '组织名称', 'Organization name', '組織名', '組織名稱', 'bf75a509-f90e-4a29-8bf7-470b581550f6', 1, '2022-09-18 17:44:13', '2022-11-30 10:54:09');
INSERT INTO `xmw_international` (`id`, `name`, `parent_id`, `zh-CN`, `en-US`, `ja-JP`, `zh-TW`, `founder`, `sort`, `created_time`, `updated_time`) VALUES ('be72ba21-a54c-4799-babc-cc25728275e4', 'email', '5ea52517-8c5e-419d-b59b-a923eb68f50e', '电子邮箱', 'Email', '電子メール', '電子郵箱', 'bf75a509-f90e-4a29-8bf7-470b581550f6', 1, '2022-10-08 16:09:09', '2022-11-30 10:54:09');
INSERT INTO `xmw_international` (`id`, `name`, `parent_id`, `zh-CN`, `en-US`, `ja-JP`, `zh-TW`, `founder`, `sort`, `created_time`, `updated_time`) VALUES ('beee8f31-31b0-4c97-8e4e-75bb28a75f76', 'read_counts', 'b411813b-aaaf-4bd8-958d-1682a1f87b68', '已读次数', 'Read count', '既読回数です', '已讀次數', 'bf75a509-f90e-4a29-8bf7-470b581550f6', 1, '2023-10-07 17:48:02', '2023-10-07 17:48:02');
INSERT INTO `xmw_international` (`id`, `name`, `parent_id`, `zh-CN`, `en-US`, `ja-JP`, `zh-TW`, `founder`, `sort`, `created_time`, `updated_time`) VALUES ('bf2ca4d5-cde9-46d4-930e-12a5aa95a1b6', 'operation-log', '251711b4-6fd3-4090-8a58-9cb67616e508', '操作日志', 'Operation Log', '操作ログ', '操作日誌', 'bf75a509-f90e-4a29-8bf7-470b581550f6', 1, '2022-09-17 11:59:58', '2022-11-30 10:54:09');
INSERT INTO `xmw_international` (`id`, `name`, `parent_id`, `zh-CN`, `en-US`, `ja-JP`, `zh-TW`, `founder`, `sort`, `created_time`, `updated_time`) VALUES ('bf652ff9-7210-4fda-9ece-4c7fa3e5ae87', 'role-management', '251711b4-6fd3-4090-8a58-9cb67616e508', '角色管理', 'Role Management', '役割管理', '角色管理', 'bf75a509-f90e-4a29-8bf7-470b581550f6', 1, '2022-09-30 17:01:09', '2022-11-30 10:54:09');
INSERT INTO `xmw_international` (`id`, `name`, `parent_id`, `zh-CN`, `en-US`, `ja-JP`, `zh-TW`, `founder`, `sort`, `created_time`, `updated_time`) VALUES ('c255fa67-1d1a-495e-8de0-a8ee4c686c6a', 'no', 'cf4506ae-fda5-495d-8fa7-e2b5cba992d5', '否', 'No', 'いいえ', '否', 'bf75a509-f90e-4a29-8bf7-470b581550f6', 1, '2023-09-12 15:31:09', '2023-09-12 15:31:09');
INSERT INTO `xmw_international` (`id`, `name`, `parent_id`, `zh-CN`, `en-US`, `ja-JP`, `zh-TW`, `founder`, `sort`, `created_time`, `updated_time`) VALUES ('c297ab65-e191-41d9-8160-0750f849daca', 'LockSleep', 'a6a9d897-a458-43a8-913e-45ee9f8c7971', NULL, NULL, NULL, NULL, 'bf75a509-f90e-4a29-8bf7-470b581550f6', 1, '2023-01-09 14:12:56', '2023-09-14 15:59:00');
INSERT INTO `xmw_international` (`id`, `name`, `parent_id`, `zh-CN`, `en-US`, `ja-JP`, `zh-TW`, `founder`, `sort`, `created_time`, `updated_time`) VALUES ('c3d87184-d03d-4b58-96f3-da73581adced', 'message', 'c7ad15ae-8a35-41b8-8a3c-2d4feeb88096', '消息', 'Message', 'メッセージです', '消息', 'bf75a509-f90e-4a29-8bf7-470b581550f6', 1, '2023-09-18 10:10:42', '2023-09-18 10:10:42');
INSERT INTO `xmw_international` (`id`, `name`, `parent_id`, `zh-CN`, `en-US`, `ja-JP`, `zh-TW`, `founder`, `sort`, `created_time`, `updated_time`) VALUES ('c3d9ddc3-4a93-47bf-9977-d99797f8c214', 'motto', '5ea52517-8c5e-419d-b59b-a923eb68f50e', '座右铭', 'Motto', '座右の銘', '座右銘', 'bf75a509-f90e-4a29-8bf7-470b581550f6', 1, '2022-10-08 18:02:01', '2022-11-30 10:54:09');
INSERT INTO `xmw_international` (`id`, `name`, `parent_id`, `zh-CN`, `en-US`, `ja-JP`, `zh-TW`, `founder`, `sort`, `created_time`, `updated_time`) VALUES ('c4084914-eece-4a6d-9617-4a9185f1eb1c', 'add', '51738317-f9fc-48e2-9ace-b418fdacf8e3', '新建', 'New', '新築', '新建', 'bf75a509-f90e-4a29-8bf7-470b581550f6', 1, '2022-09-30 17:08:20', '2022-11-30 10:54:09');
INSERT INTO `xmw_international` (`id`, `name`, `parent_id`, `zh-CN`, `en-US`, `ja-JP`, `zh-TW`, `founder`, `sort`, `created_time`, `updated_time`) VALUES ('c4ac7699-af09-499e-aeb9-6a866609f99f', 'ExitFullScreen', 'a6a9d897-a458-43a8-913e-45ee9f8c7971', '退出全屏', 'ExitFullScreen', '全画面から退出します', '退出全屏', 'bf75a509-f90e-4a29-8bf7-470b581550f6', 1, '2023-01-03 16:15:58', '2023-09-14 15:54:24');
INSERT INTO `xmw_international` (`id`, `name`, `parent_id`, `zh-CN`, `en-US`, `ja-JP`, `zh-TW`, `founder`, `sort`, `created_time`, `updated_time`) VALUES ('c4d9c21d-f619-48eb-8ceb-537cb064247e', 'internationalization', '48ea12ef-201f-4738-8af8-066533179393', '国际化', 'Internationalization', '国際化', '國際化', 'bf75a509-f90e-4a29-8bf7-470b581550f6', 6, '2022-09-17 11:50:35', '2022-11-30 10:54:09');
INSERT INTO `xmw_international` (`id`, `name`, `parent_id`, `zh-CN`, `en-US`, `ja-JP`, `zh-TW`, `founder`, `sort`, `created_time`, `updated_time`) VALUES ('c6271c0e-277f-4f81-b177-1c62ecc3d493', 'name', '1d9ddc96-9292-4f08-a359-0c1384ff5802', '菜单名称', 'Menu Name', 'メニュー名', '菜單名稱', 'bf75a509-f90e-4a29-8bf7-470b581550f6', 1, '2022-09-27 10:13:41', '2022-11-30 10:54:09');
INSERT INTO `xmw_international` (`id`, `name`, `parent_id`, `zh-CN`, `en-US`, `ja-JP`, `zh-TW`, `founder`, `sort`, `created_time`, `updated_time`) VALUES ('c6841f37-4bcd-4c8a-83d1-4b8c592cb62c', 'refresh', '1d0c376a-0d14-4699-ae9f-712696e977b1', '重新加载', 'Refresh', '再ロードします', '重新加載', 'bf75a509-f90e-4a29-8bf7-470b581550f6', 1, '2022-09-21 14:54:15', '2023-10-24 13:56:18');
INSERT INTO `xmw_international` (`id`, `name`, `parent_id`, `zh-CN`, `en-US`, `ja-JP`, `zh-TW`, `founder`, `sort`, `created_time`, `updated_time`) VALUES ('c7ad15ae-8a35-41b8-8a3c-2d4feeb88096', 'type', 'b411813b-aaaf-4bd8-958d-1682a1f87b68', '类型', 'Type', 'タイプです', '類型', 'bf75a509-f90e-4a29-8bf7-470b581550f6', 1, '2023-08-29 10:30:04', '2023-08-29 10:30:04');
INSERT INTO `xmw_international` (`id`, `name`, `parent_id`, `zh-CN`, `en-US`, `ja-JP`, `zh-TW`, `founder`, `sort`, `created_time`, `updated_time`) VALUES ('c86bf0d8-cb03-4a73-9d1b-d98fc3431f7a', 'upload', '87050d72-b32a-414f-97c9-a139c8dd308d', '请上传', 'Please upload ', 'アップロードお願いします', '請上傳', 'bf75a509-f90e-4a29-8bf7-470b581550f6', 1, '2023-08-30 17:39:17', '2023-08-31 15:12:45');
INSERT INTO `xmw_international` (`id`, `name`, `parent_id`, `zh-CN`, `en-US`, `ja-JP`, `zh-TW`, `founder`, `sort`, `created_time`, `updated_time`) VALUES ('c981b32d-1747-4a8b-9747-a604c52bd22b', 'age', '5ea52517-8c5e-419d-b59b-a923eb68f50e', '年龄', 'Age', '年齢', '年齡', 'bf75a509-f90e-4a29-8bf7-470b581550f6', 1, '2022-10-08 17:31:56', '2022-11-30 10:54:09');
INSERT INTO `xmw_international` (`id`, `name`, `parent_id`, `zh-CN`, `en-US`, `ja-JP`, `zh-TW`, `founder`, `sort`, `created_time`, `updated_time`) VALUES ('ca93484f-9ac8-4b84-8d50-7821154cf3ea', 'jobs_id', '5ea52517-8c5e-419d-b59b-a923eb68f50e', '所属岗位', 'Their jobs', '所属部署', '所屬崗位', 'bf75a509-f90e-4a29-8bf7-470b581550f6', 1, '2022-10-08 14:34:49', '2022-11-30 10:54:09');
INSERT INTO `xmw_international` (`id`, `name`, `parent_id`, `zh-CN`, `en-US`, `ja-JP`, `zh-TW`, `founder`, `sort`, `created_time`, `updated_time`) VALUES ('cb2edc15-2e6d-4de6-ab92-14cfc727569e', 'button', '9d9e17ad-e767-4d9a-9102-1866c2590f74', NULL, NULL, NULL, NULL, 'bf75a509-f90e-4a29-8bf7-470b581550f6', 1, '2023-01-09 14:20:20', '2023-01-09 14:20:20');
INSERT INTO `xmw_international` (`id`, `name`, `parent_id`, `zh-CN`, `en-US`, `ja-JP`, `zh-TW`, `founder`, `sort`, `created_time`, `updated_time`) VALUES ('ccc0571a-c91b-42e3-aefd-86ac6973c9d9', 'navTheme', '1d9ddc96-9292-4f08-a359-0c1384ff5802', '菜单主题', 'Menu Theme', 'メニューテーマ', '菜單主題', 'bf75a509-f90e-4a29-8bf7-470b581550f6', 1, '2022-09-27 18:31:18', '2022-11-30 10:54:09');
INSERT INTO `xmw_international` (`id`, `name`, `parent_id`, `zh-CN`, `en-US`, `ja-JP`, `zh-TW`, `founder`, `sort`, `created_time`, `updated_time`) VALUES ('cd9dfbe3-b910-44be-a5d9-3ad008e61513', 'zh-TW', '5245540c-dfe2-4375-9964-96864b07b6e7', '繁体中文', 'Traditional Chinese', '繁体中国語', '繁體中文', 'bf75a509-f90e-4a29-8bf7-470b581550f6', 1, '2022-09-18 14:08:30', '2022-11-30 10:54:09');
INSERT INTO `xmw_international` (`id`, `name`, `parent_id`, `zh-CN`, `en-US`, `ja-JP`, `zh-TW`, `founder`, `sort`, `created_time`, `updated_time`) VALUES ('cdcc00f5-24f6-4170-8e8e-a115b82f3255', 'coupons', 'e8922ec5-d0d2-4911-a146-80c2efdd38b5', '卡券管理', '卡券管理', '卡券管理', '卡券管理', 'bf75a509-f90e-4a29-8bf7-470b581550f6', 1, '2024-06-25 19:39:44', '2024-06-25 19:39:44');
INSERT INTO `xmw_international` (`id`, `name`, `parent_id`, `zh-CN`, `en-US`, `ja-JP`, `zh-TW`, `founder`, `sort`, `created_time`, `updated_time`) VALUES ('ce0e312b-a26a-49fe-b334-ceff8628f88e', 'basic-info', '1d9ddc96-9292-4f08-a359-0c1384ff5802', '基本信息', 'Basic Information', '基本情報です', '基本信息', 'bf75a509-f90e-4a29-8bf7-470b581550f6', 1, '2023-09-13 10:21:08', '2023-09-13 10:21:08');
INSERT INTO `xmw_international` (`id`, `name`, `parent_id`, `zh-CN`, `en-US`, `ja-JP`, `zh-TW`, `founder`, `sort`, `created_time`, `updated_time`) VALUES ('ceca59e9-005c-42da-83e3-415fac994fac', 'dashboard', 'e8922ec5-d0d2-4911-a146-80c2efdd38b5', '指示面板', 'Dashboard', '指示パネル', '指示面板', 'bf75a509-f90e-4a29-8bf7-470b581550f6', 10, '2022-09-17 10:12:45', '2022-11-30 10:54:09');
INSERT INTO `xmw_international` (`id`, `name`, `parent_id`, `zh-CN`, `en-US`, `ja-JP`, `zh-TW`, `founder`, `sort`, `created_time`, `updated_time`) VALUES ('cf1e2401-7736-493e-9a6a-1b531740add5', 'password', 'c297ab65-e191-41d9-8160-0750f849daca', '密码', 'Password', 'パスワード', '密碼', 'bf75a509-f90e-4a29-8bf7-470b581550f6', 1, '2023-01-09 14:14:04', '2023-01-09 14:14:04');
INSERT INTO `xmw_international` (`id`, `name`, `parent_id`, `zh-CN`, `en-US`, `ja-JP`, `zh-TW`, `founder`, `sort`, `created_time`, `updated_time`) VALUES ('cf4506ae-fda5-495d-8fa7-e2b5cba992d5', 'flag', '9d9e17ad-e767-4d9a-9102-1866c2590f74', NULL, NULL, NULL, NULL, 'bf75a509-f90e-4a29-8bf7-470b581550f6', 1, '2023-09-12 15:30:01', '2023-09-12 15:30:01');
INSERT INTO `xmw_international` (`id`, `name`, `parent_id`, `zh-CN`, `en-US`, `ja-JP`, `zh-TW`, `founder`, `sort`, `created_time`, `updated_time`) VALUES ('d293b63b-ea08-42fa-afaa-056d0fcacec6', 'ja-JP', '5245540c-dfe2-4375-9964-96864b07b6e7', '日文', 'Japanese', '日本语', '日文', 'bf75a509-f90e-4a29-8bf7-470b581550f6', 1, '2022-09-18 14:07:39', '2022-11-30 10:54:09');
INSERT INTO `xmw_international` (`id`, `name`, `parent_id`, `zh-CN`, `en-US`, `ja-JP`, `zh-TW`, `founder`, `sort`, `created_time`, `updated_time`) VALUES ('d3057a13-f4a2-4fbe-b17b-ace0fb86e44e', 'org_name', '2c90eea9-f0c8-48bb-a331-a9526c59f6a6', '所属组织', 'organisation', '所属する組織', '所屬組織', 'bf75a509-f90e-4a29-8bf7-470b581550f6', 1, '2022-09-23 14:44:08', '2022-11-30 10:54:09');
INSERT INTO `xmw_international` (`id`, `name`, `parent_id`, `zh-CN`, `en-US`, `ja-JP`, `zh-TW`, `founder`, `sort`, `created_time`, `updated_time`) VALUES ('d3b5584a-6b4d-4eb8-a3ef-5090f5f3c4e9', 'environmental-dependence', 'ed2bf05a-70a1-419a-adf3-b747d449f75a', '环境依赖', 'Environmental dependence', '環境依存症です', '環境依賴', 'bf75a509-f90e-4a29-8bf7-470b581550f6', 1, '2023-10-11 16:49:58', '2023-10-11 16:49:58');
INSERT INTO `xmw_international` (`id`, `name`, `parent_id`, `zh-CN`, `en-US`, `ja-JP`, `zh-TW`, `founder`, `sort`, `created_time`, `updated_time`) VALUES ('d3e5c1ea-5e39-4b29-ae36-4c5732256630', 'dir', 'f6136444-211c-4657-b241-b9074ea3a75c', '目录', 'Directory', 'リスト', '目錄', 'bf75a509-f90e-4a29-8bf7-470b581550f6', 1, '2022-09-28 16:46:29', '2022-11-30 10:54:09');
INSERT INTO `xmw_international` (`id`, `name`, `parent_id`, `zh-CN`, `en-US`, `ja-JP`, `zh-TW`, `founder`, `sort`, `created_time`, `updated_time`) VALUES ('d5ba43a1-db9f-4073-96c1-4bb575ac94e1', 'blog-log', '08f997a9-39cb-4d35-bb73-8556a911e12f', '博客日志', 'Blog log', 'ブログ日誌', '博客日誌', 'bf75a509-f90e-4a29-8bf7-470b581550f6', 1, '2023-10-11 10:08:25', '2023-10-11 10:08:25');
INSERT INTO `xmw_international` (`id`, `name`, `parent_id`, `zh-CN`, `en-US`, `ja-JP`, `zh-TW`, `founder`, `sort`, `created_time`, `updated_time`) VALUES ('d5faf90d-a327-4f48-8143-a98e7de0783e', 'parent_id', '33f25830-6bdb-4a22-839a-15562e446c3f', '父级', 'Parent', '父級', '父級', 'bf75a509-f90e-4a29-8bf7-470b581550f6', 1, '2022-09-18 14:20:19', '2022-11-30 10:54:09');
INSERT INTO `xmw_international` (`id`, `name`, `parent_id`, `zh-CN`, `en-US`, `ja-JP`, `zh-TW`, `founder`, `sort`, `created_time`, `updated_time`) VALUES ('d65aab45-14bd-4ca0-9227-4c3be34ee805', 'document', '84c0867d-120b-4dab-b164-5eeddc4709e0', '文档', 'Document', 'ドキュメント', '文檔', 'bf75a509-f90e-4a29-8bf7-470b581550f6', 1, '2023-10-23 14:14:34', '2023-10-23 14:14:34');
INSERT INTO `xmw_international` (`id`, `name`, `parent_id`, `zh-CN`, `en-US`, `ja-JP`, `zh-TW`, `founder`, `sort`, `created_time`, `updated_time`) VALUES ('da5a6bac-e8ba-4345-a604-0efcf5b50b2e', 'normal', '899c5dba-3b9e-410e-83ba-cd3207c3c9ca', '正常', 'Normal', '正常です', '正常', 'bf75a509-f90e-4a29-8bf7-470b581550f6', 1, '2022-09-18 17:48:20', '2023-09-18 10:59:07');
INSERT INTO `xmw_international` (`id`, `name`, `parent_id`, `zh-CN`, `en-US`, `ja-JP`, `zh-TW`, `founder`, `sort`, `created_time`, `updated_time`) VALUES ('daa7e0f8-f7dc-4a14-beae-227108a57041', 'permission', '1d9ddc96-9292-4f08-a359-0c1384ff5802', '权限标识', 'Permission Identify', '権限表示', '權限標識', 'bf75a509-f90e-4a29-8bf7-470b581550f6', 1, '2022-09-27 16:05:15', '2022-11-30 10:54:09');
INSERT INTO `xmw_international` (`id`, `name`, `parent_id`, `zh-CN`, `en-US`, `ja-JP`, `zh-TW`, `founder`, `sort`, `created_time`, `updated_time`) VALUES ('dc7e6d26-f9f3-4f37-9ad5-6ee60e1282d1', 'access', '1d9ddc96-9292-4f08-a359-0c1384ff5802', '菜单权限', 'Menu Permissions', 'メニュー けんげん 権限', '菜單權限', 'bf75a509-f90e-4a29-8bf7-470b581550f6', 1, '2022-12-08 15:27:18', '2022-12-08 15:27:18');
INSERT INTO `xmw_international` (`id`, `name`, `parent_id`, `zh-CN`, `en-US`, `ja-JP`, `zh-TW`, `founder`, `sort`, `created_time`, `updated_time`) VALUES ('debf69a6-fd6e-42e6-a29c-fc257574e05f', 'rules', '3f56a8e8-4bc1-4e88-9fdf-4466446be2d8', '两次密码输入不一致！', 'The two passwords are not the same!', 'パスワードの入力が2回一致しません!', '兩次密碼輸入不一致！', 'bf75a509-f90e-4a29-8bf7-470b581550f6', 1, '2022-10-08 18:28:38', '2022-11-30 10:54:09');
INSERT INTO `xmw_international` (`id`, `name`, `parent_id`, `zh-CN`, `en-US`, `ja-JP`, `zh-TW`, `founder`, `sort`, `created_time`, `updated_time`) VALUES ('decdc51b-a98a-40c3-a530-3f15d250742c', 'submit', 'cb2edc15-2e6d-4de6-ab92-14cfc727569e', '提交', 'Submit', '提出', '提交', 'bf75a509-f90e-4a29-8bf7-470b581550f6', 1, '2023-01-12 16:46:25', '2023-01-12 16:46:25');
INSERT INTO `xmw_international` (`id`, `name`, `parent_id`, `zh-CN`, `en-US`, `ja-JP`, `zh-TW`, `founder`, `sort`, `created_time`, `updated_time`) VALUES ('e059910f-1743-421d-9c9b-20061f9683ef', 'api_url', 'bf2ca4d5-cde9-46d4-930e-12a5aa95a1b6', '请求接口', 'Request interface', '要求インターフェースです', '請求接口', 'bf75a509-f90e-4a29-8bf7-470b581550f6', 1, '2023-03-20 15:47:38', '2023-03-20 15:47:38');
INSERT INTO `xmw_international` (`id`, `name`, `parent_id`, `zh-CN`, `en-US`, `ja-JP`, `zh-TW`, `founder`, `sort`, `created_time`, `updated_time`) VALUES ('e11d0e19-da4e-453f-bb1b-8303f1874deb', 'edit', 'f1a1c4f7-9122-42a6-a5f2-84ce59f37807', '编辑', 'Edit', '編集', '編輯', 'bf75a509-f90e-4a29-8bf7-470b581550f6', 1, '2023-08-28 09:18:25', '2023-08-28 09:18:25');
INSERT INTO `xmw_international` (`id`, `name`, `parent_id`, `zh-CN`, `en-US`, `ja-JP`, `zh-TW`, `founder`, `sort`, `created_time`, `updated_time`) VALUES ('e241e942-5aa1-41b4-b3e4-5031b1188736', 'title', 'c297ab65-e191-41d9-8160-0750f849daca', '长时间未操作,屏幕已锁定', 'If no operation is performed for a long time, the screen is locked', '長時間操作しておらず、画面がロックされています', '長時間未操作,屏幕已鎖定', 'bf75a509-f90e-4a29-8bf7-470b581550f6', 1, '2023-01-09 14:19:12', '2023-01-09 14:19:12');
INSERT INTO `xmw_international` (`id`, `name`, `parent_id`, `zh-CN`, `en-US`, `ja-JP`, `zh-TW`, `founder`, `sort`, `created_time`, `updated_time`) VALUES ('e2b4930b-9c4d-410a-a05c-1e7ddbe5d21a', 'user', 'fd9a9de8-6044-42fc-a128-eba14bea123d', NULL, NULL, NULL, NULL, 'bf75a509-f90e-4a29-8bf7-470b581550f6', 1, '2023-09-07 17:26:46', '2023-09-07 17:26:46');
INSERT INTO `xmw_international` (`id`, `name`, `parent_id`, `zh-CN`, `en-US`, `ja-JP`, `zh-TW`, `founder`, `sort`, `created_time`, `updated_time`) VALUES ('e2f610ce-62aa-4272-b950-9ef32095bd5b', 'ip', 'bf2ca4d5-cde9-46d4-930e-12a5aa95a1b6', 'IP', 'IP', 'IP', 'IP', 'bf75a509-f90e-4a29-8bf7-470b581550f6', 1, '2023-03-20 15:45:47', '2023-03-20 15:45:47');
INSERT INTO `xmw_international` (`id`, `name`, `parent_id`, `zh-CN`, `en-US`, `ja-JP`, `zh-TW`, `founder`, `sort`, `created_time`, `updated_time`) VALUES ('e5bbdadf-ead0-40c3-8043-50ba0461cf1c', 'tip', '4faea96a-a6ed-4509-90b4-f398e25f0ee0', '确认要退出系统？', 'Are you sure you want to exit the system?', 'システムをログアウトすることを かくにん 確認 しますか?', '確認要退出系統？', 'bf75a509-f90e-4a29-8bf7-470b581550f6', 1, '2022-12-09 18:12:36', '2022-12-09 18:12:36');
INSERT INTO `xmw_international` (`id`, `name`, `parent_id`, `zh-CN`, `en-US`, `ja-JP`, `zh-TW`, `founder`, `sort`, `created_time`, `updated_time`) VALUES ('e6a37372-6d5c-4bca-a0bf-82f8e0706b10', 'disable', '899c5dba-3b9e-410e-83ba-cd3207c3c9ca', '禁用', 'Disable', '無効です', '禁用', 'bf75a509-f90e-4a29-8bf7-470b581550f6', 1, '2022-09-18 17:48:58', '2023-09-18 10:59:23');
INSERT INTO `xmw_international` (`id`, `name`, `parent_id`, `zh-CN`, `en-US`, `ja-JP`, `zh-TW`, `founder`, `sort`, `created_time`, `updated_time`) VALUES ('e8855cce-a0ae-49e8-8e29-3ef874f587bd', 'params', 'bf2ca4d5-cde9-46d4-930e-12a5aa95a1b6', '请求参数', 'Request params', 'パラメータを要求します', '請求參數', 'bf75a509-f90e-4a29-8bf7-470b581550f6', 1, '2023-03-20 15:49:26', '2023-03-20 15:49:26');
INSERT INTO `xmw_international` (`id`, `name`, `parent_id`, `zh-CN`, `en-US`, `ja-JP`, `zh-TW`, `founder`, `sort`, `created_time`, `updated_time`) VALUES ('e8922ec5-d0d2-4911-a146-80c2efdd38b5', 'menu', NULL, NULL, NULL, NULL, NULL, 'bf75a509-f90e-4a29-8bf7-470b581550f6', 1, '2022-09-17 10:11:59', '2022-11-30 10:54:09');
INSERT INTO `xmw_international` (`id`, `name`, `parent_id`, `zh-CN`, `en-US`, `ja-JP`, `zh-TW`, `founder`, `sort`, `created_time`, `updated_time`) VALUES ('e8a59f6d-74e5-4b9d-a6ce-4c418c605bc9', 'set-password', '5769baab-d018-4c98-8d60-05a98f46fb15', '设置密码', 'Set Password', 'パスワードを設定する', '設置密碼', 'bf75a509-f90e-4a29-8bf7-470b581550f6', 1, '2022-10-08 18:19:03', '2022-11-30 10:54:09');
INSERT INTO `xmw_international` (`id`, `name`, `parent_id`, `zh-CN`, `en-US`, `ja-JP`, `zh-TW`, `founder`, `sort`, `created_time`, `updated_time`) VALUES ('e8bd2b00-56c9-4221-8d34-c69c40ff282e', 'content', '22b09a10-3417-4d53-9aed-b0f43927bb41', '删除后无法恢复，请谨慎操作', 'The deletion cannot be restored. Exercise caution when performing this operation', '削除しても元に戻りませんので、ご注意ください', '刪除後無法恢復，請謹慎操作', 'bf75a509-f90e-4a29-8bf7-470b581550f6', 1, '2022-09-18 13:43:57', '2022-11-30 10:54:09');
INSERT INTO `xmw_international` (`id`, `name`, `parent_id`, `zh-CN`, `en-US`, `ja-JP`, `zh-TW`, `founder`, `sort`, `created_time`, `updated_time`) VALUES ('e8ca6a7d-cbcd-4278-bb60-ebb14d9ec1e4', 'popconfirm', '9d9e17ad-e767-4d9a-9102-1866c2590f74', '', NULL, NULL, NULL, 'bf75a509-f90e-4a29-8bf7-470b581550f6', 1, '2023-09-12 17:27:10', '2023-09-12 17:27:10');
INSERT INTO `xmw_international` (`id`, `name`, `parent_id`, `zh-CN`, `en-US`, `ja-JP`, `zh-TW`, `founder`, `sort`, `created_time`, `updated_time`) VALUES ('e8ca71aa-4c2b-42c2-ac80-63677e1d80d7', 'security-setting', '641f3543-8091-4202-9978-2423a66cb6c9', '安全设置', 'Security Setting', '安全設定です', '安全設置', 'bf75a509-f90e-4a29-8bf7-470b581550f6', 1, '2023-01-13 17:33:25', '2023-01-13 17:33:25');
INSERT INTO `xmw_international` (`id`, `name`, `parent_id`, `zh-CN`, `en-US`, `ja-JP`, `zh-TW`, `founder`, `sort`, `created_time`, `updated_time`) VALUES ('eb2596dd-d547-4fd8-bf62-958545b87dcf', 'address', '5ea52517-8c5e-419d-b59b-a923eb68f50e', '详细地址', 'Detailed Address', '詳しい住所', '詳細地址', 'bf75a509-f90e-4a29-8bf7-470b581550f6', 1, '2022-10-08 17:53:52', '2022-11-30 10:54:09');
INSERT INTO `xmw_international` (`id`, `name`, `parent_id`, `zh-CN`, `en-US`, `ja-JP`, `zh-TW`, `founder`, `sort`, `created_time`, `updated_time`) VALUES ('eb4679cb-8761-42bd-94ed-c49717ad87fc', 'male', '69499142-5a66-4923-b1df-2397ad516149', '男', 'Male', '男', '男', 'bf75a509-f90e-4a29-8bf7-470b581550f6', 1, '2022-10-10 15:21:25', '2022-11-30 10:54:09');
INSERT INTO `xmw_international` (`id`, `name`, `parent_id`, `zh-CN`, `en-US`, `ja-JP`, `zh-TW`, `founder`, `sort`, `created_time`, `updated_time`) VALUES ('ecb0971d-6ee4-4adc-8531-f479df0ccf13', 'rules', '6ce14350-b984-4405-ab87-ec0826948203', '用户名由4到16位（字母，数字，下划线，减号）组成', 'The user name contains 4 to 16 characters (letters, digits, underscores, and hyphens)', 'ユーザー名は4 ~ 16桁(アルファベット、数字、アンダーライン、マイナス)からなる', '用戶名由4到16位（字母，數字，下劃線，減號）組成', 'bf75a509-f90e-4a29-8bf7-470b581550f6', 1, '2022-10-10 14:29:24', '2022-11-30 10:54:09');
INSERT INTO `xmw_international` (`id`, `name`, `parent_id`, `zh-CN`, `en-US`, `ja-JP`, `zh-TW`, `founder`, `sort`, `created_time`, `updated_time`) VALUES ('ed2bf05a-70a1-419a-adf3-b747d449f75a', 'dashboard', 'fd9a9de8-6044-42fc-a128-eba14bea123d', NULL, NULL, NULL, NULL, 'bf75a509-f90e-4a29-8bf7-470b581550f6', 1, '2022-09-17 11:57:56', '2022-11-30 10:54:09');
INSERT INTO `xmw_international` (`id`, `name`, `parent_id`, `zh-CN`, `en-US`, `ja-JP`, `zh-TW`, `founder`, `sort`, `created_time`, `updated_time`) VALUES ('ee435be2-a0a5-44a3-9a00-38708661b995', 'phone', 'a6abdcb5-23d7-49de-a3b0-8b2a885c96f2', '手机号', 'Mobile phone no', '携帯電話番号', '手機號', 'bf75a509-f90e-4a29-8bf7-470b581550f6', 1, '2022-10-11 17:44:58', '2022-11-30 10:54:09');
INSERT INTO `xmw_international` (`id`, `name`, `parent_id`, `zh-CN`, `en-US`, `ja-JP`, `zh-TW`, `founder`, `sort`, `created_time`, `updated_time`) VALUES ('f1a1c4f7-9122-42a6-a5f2-84ce59f37807', 'announcement', '0960fd86-7e79-496b-83aa-c4159e516d8c', '活动公告', 'Event announcement', 'イベント告知です', '活動公告', 'bf75a509-f90e-4a29-8bf7-470b581550f6', 88, '2023-08-28 09:16:38', '2023-08-28 09:16:38');
INSERT INTO `xmw_international` (`id`, `name`, `parent_id`, `zh-CN`, `en-US`, `ja-JP`, `zh-TW`, `founder`, `sort`, `created_time`, `updated_time`) VALUES ('f2652f3b-b5bf-4397-b7aa-e15761b72b04', 'edit', '505ca506-6cdc-4c88-b24b-479d6456bbde', '编辑', 'Edit', '編集', '編輯', 'bf75a509-f90e-4a29-8bf7-470b581550f6', 1, '2022-10-08 14:04:19', '2022-11-30 10:54:09');
INSERT INTO `xmw_international` (`id`, `name`, `parent_id`, `zh-CN`, `en-US`, `ja-JP`, `zh-TW`, `founder`, `sort`, `created_time`, `updated_time`) VALUES ('f49d670d-e00c-409c-bdf7-0088a367bb39', 'edit', '51738317-f9fc-48e2-9ace-b418fdacf8e3', '编辑', 'Edit', '編集', '編輯', 'bf75a509-f90e-4a29-8bf7-470b581550f6', 1, '2022-09-30 17:07:25', '2022-11-30 10:54:09');
INSERT INTO `xmw_international` (`id`, `name`, `parent_id`, `zh-CN`, `en-US`, `ja-JP`, `zh-TW`, `founder`, `sort`, `created_time`, `updated_time`) VALUES ('f57f3b34-55f7-4aeb-9491-1dfc24a1327d', 'strong', '5964805c-222d-4412-8abc-c8ce93e7e97c', '强', 'Strong', 'ベスト', '強', 'bf75a509-f90e-4a29-8bf7-470b581550f6', 1, '2023-01-12 18:12:48', '2023-01-12 18:12:48');
INSERT INTO `xmw_international` (`id`, `name`, `parent_id`, `zh-CN`, `en-US`, `ja-JP`, `zh-TW`, `founder`, `sort`, `created_time`, `updated_time`) VALUES ('f5b542a1-a8a2-4900-9e98-0519e7654d9a', 'set-avatar', '5769baab-d018-4c98-8d60-05a98f46fb15', '设置头像', 'Set Avatar', 'プロフィール画像を設定します', '設置頭像', 'bf75a509-f90e-4a29-8bf7-470b581550f6', 1, '2022-10-09 14:38:31', '2023-01-13 15:26:38');
INSERT INTO `xmw_international` (`id`, `name`, `parent_id`, `zh-CN`, `en-US`, `ja-JP`, `zh-TW`, `founder`, `sort`, `created_time`, `updated_time`) VALUES ('f6136444-211c-4657-b241-b9074ea3a75c', 'menu_type', '1d9ddc96-9292-4f08-a359-0c1384ff5802', '菜单类型', 'Menu Type', 'メニュータイプ', '菜單類型', 'bf75a509-f90e-4a29-8bf7-470b581550f6', 1, '2022-09-27 11:02:24', '2022-11-30 10:54:09');
INSERT INTO `xmw_international` (`id`, `name`, `parent_id`, `zh-CN`, `en-US`, `ja-JP`, `zh-TW`, `founder`, `sort`, `created_time`, `updated_time`) VALUES ('f6a62672-85eb-4030-a079-bea938629568', 'city', '5ea52517-8c5e-419d-b59b-a923eb68f50e', '所属城市', 'City', '所属する都市', '所屬城市', 'bf75a509-f90e-4a29-8bf7-470b581550f6', 1, '2022-10-08 17:41:21', '2022-11-30 10:54:09');
INSERT INTO `xmw_international` (`id`, `name`, `parent_id`, `zh-CN`, `en-US`, `ja-JP`, `zh-TW`, `founder`, `sort`, `created_time`, `updated_time`) VALUES ('f6c12984-b6ce-42ae-8072-11f7235b8450', 'required', '5f4057a8-db52-42c4-a4ca-5ca7761169e8', '密码是必填项！', 'Password is required!', 'パスワードは必須!', '密碼是必填項！', 'bf75a509-f90e-4a29-8bf7-470b581550f6', 1, '2022-09-17 11:57:42', '2022-11-30 10:54:09');
INSERT INTO `xmw_international` (`id`, `name`, `parent_id`, `zh-CN`, `en-US`, `ja-JP`, `zh-TW`, `founder`, `sort`, `created_time`, `updated_time`) VALUES ('f6c475f1-fb20-4be9-a54d-b865644b087d', 'close', '1d0c376a-0d14-4699-ae9f-712696e977b1', '至少要保留一个窗口', 'Keep at least one window', '少なくとも1つは窓口を確保する', '至少要保留一個窗口', 'bf75a509-f90e-4a29-8bf7-470b581550f6', 1, '2023-03-16 15:59:51', '2023-03-16 16:02:32');
INSERT INTO `xmw_international` (`id`, `name`, `parent_id`, `zh-CN`, `en-US`, `ja-JP`, `zh-TW`, `founder`, `sort`, `created_time`, `updated_time`) VALUES ('f7ad2c94-4666-4e5d-ab3a-6c284595b077', 'route-config', '1d9ddc96-9292-4f08-a359-0c1384ff5802', '路由配置', 'Route Configuration', 'ルーティング配置です', '路由配置', 'bf75a509-f90e-4a29-8bf7-470b581550f6', 1, '2023-09-13 10:21:58', '2023-09-13 10:21:58');
INSERT INTO `xmw_international` (`id`, `name`, `parent_id`, `zh-CN`, `en-US`, `ja-JP`, `zh-TW`, `founder`, `sort`, `created_time`, `updated_time`) VALUES ('f9e5a8db-da13-435f-a0e8-2bf9da2695c9', 'delete', 'fdaf8a23-8777-46ff-9142-f30eb3e4d8ee', '删除', 'Delete', '削除', '刪除', 'bf75a509-f90e-4a29-8bf7-470b581550f6', 1, '2022-09-30 10:44:24', '2022-11-30 10:54:09');
INSERT INTO `xmw_international` (`id`, `name`, `parent_id`, `zh-CN`, `en-US`, `ja-JP`, `zh-TW`, `founder`, `sort`, `created_time`, `updated_time`) VALUES ('fad1bb10-a5d5-4497-aad9-53a0672a405f', 'very-strong', '5964805c-222d-4412-8abc-c8ce93e7e97c', '非常强', 'Very Strong', 'とても強いです', '非常強', 'bf75a509-f90e-4a29-8bf7-470b581550f6', 1, '2023-01-12 18:13:30', '2023-01-12 18:13:30');
INSERT INTO `xmw_international` (`id`, `name`, `parent_id`, `zh-CN`, `en-US`, `ja-JP`, `zh-TW`, `founder`, `sort`, `created_time`, `updated_time`) VALUES ('faeb561b-07ae-44a1-955f-437e72c2c65e', 'errorMessage', 'b8e33966-e98d-4bfe-be52-c226fa675787', '错误的用户名和密码(admin/ant.design)', 'Account Password Login', '誤ったidとパスワード(admin/ant.design)', '錯誤的用戶名和密碼(admin/ant.design)', 'bf75a509-f90e-4a29-8bf7-470b581550f6', 1, '2022-09-17 11:53:53', '2022-11-30 10:54:09');
INSERT INTO `xmw_international` (`id`, `name`, `parent_id`, `zh-CN`, `en-US`, `ja-JP`, `zh-TW`, `founder`, `sort`, `created_time`, `updated_time`) VALUES ('fbe2e5d9-4707-4964-b6af-3521dbb586fb', 'headerRender', '1d9ddc96-9292-4f08-a359-0c1384ff5802', '显示顶栏', 'According to the top bar', 'トップバーを表示する', '顯示頂欄', 'bf75a509-f90e-4a29-8bf7-470b581550f6', 1, '2022-09-27 18:14:57', '2022-11-30 10:54:09');
INSERT INTO `xmw_international` (`id`, `name`, `parent_id`, `zh-CN`, `en-US`, `ja-JP`, `zh-TW`, `founder`, `sort`, `created_time`, `updated_time`) VALUES ('fd9a9de8-6044-42fc-a128-eba14bea123d', 'pages', NULL, NULL, NULL, NULL, NULL, 'bf75a509-f90e-4a29-8bf7-470b581550f6', 1, '2022-09-17 11:52:43', '2022-11-30 10:54:09');
INSERT INTO `xmw_international` (`id`, `name`, `parent_id`, `zh-CN`, `en-US`, `ja-JP`, `zh-TW`, `founder`, `sort`, `created_time`, `updated_time`) VALUES ('fdaf8a23-8777-46ff-9142-f30eb3e4d8ee', 'organization', '0960fd86-7e79-496b-83aa-c4159e516d8c', '组织管理', 'Organization Management', '組織マネジメント', '組織管理', 'bf75a509-f90e-4a29-8bf7-470b581550f6', 10, '2022-09-17 11:49:05', '2022-11-30 10:54:09');
INSERT INTO `xmw_international` (`id`, `name`, `parent_id`, `zh-CN`, `en-US`, `ja-JP`, `zh-TW`, `founder`, `sort`, `created_time`, `updated_time`) VALUES ('fe00a1f2-4c71-4a09-a8f7-78e18abb2139', 'coupons-logs', 'cdcc00f5-24f6-4170-8e8e-a115b82f3255', '核销日志', '核销日志', '核销日志', '核销日志', 'bf75a509-f90e-4a29-8bf7-470b581550f6', 1, '2024-06-28 10:09:36', '2024-06-28 10:09:36');
INSERT INTO `xmw_international` (`id`, `name`, `parent_id`, `zh-CN`, `en-US`, `ja-JP`, `zh-TW`, `founder`, `sort`, `created_time`, `updated_time`) VALUES ('fe2307ed-fbba-415a-832a-a62ac3d59ed1', 'en_name', '5ea52517-8c5e-419d-b59b-a923eb68f50e', '英文名', 'En Name', '英語名', '英文名', 'bf75a509-f90e-4a29-8bf7-470b581550f6', 1, '2022-10-08 14:15:09', '2022-11-30 10:54:09');
INSERT INTO `xmw_international` (`id`, `name`, `parent_id`, `zh-CN`, `en-US`, `ja-JP`, `zh-TW`, `founder`, `sort`, `created_time`, `updated_time`) VALUES ('fef753d1-25cb-4f3a-ba19-f506497c7a82', 'flatMenu', '1d9ddc96-9292-4f08-a359-0c1384ff5802', '子项往上提', 'The subterms go up', '子項を上にあげる', '子項往上提', 'bf75a509-f90e-4a29-8bf7-470b581550f6', 1, '2022-09-27 18:18:42', '2022-11-30 10:54:09');
INSERT INTO `xmw_international` (`id`, `name`, `parent_id`, `zh-CN`, `en-US`, `ja-JP`, `zh-TW`, `founder`, `sort`, `created_time`, `updated_time`) VALUES ('ff064818-b4c5-4b0b-9b4f-47c2e3fd33cb', 'tooltip', '70e7e9a0-159c-497d-8e68-a5308b84b675', '只在路劲为 URL 时生效', 'This parameter is valid only when the road jin is a URL', 'ロードパワーがURLの場合のみ有効', '只在路勁為 URL 時生效', 'bf75a509-f90e-4a29-8bf7-470b581550f6', 1, '2022-09-27 16:21:07', '2022-11-30 10:54:09');
COMMIT;

-- ----------------------------
-- Table structure for xmw_jobs
-- ----------------------------
DROP TABLE IF EXISTS `xmw_jobs`;
CREATE TABLE `xmw_jobs` (
  `jobs_id` char(36) CHARACTER SET utf8mb4 COLLATE utf8mb4_0900_ai_ci NOT NULL COMMENT '岗位id',
  `jobs_name` varchar(20) CHARACTER SET utf8mb4 COLLATE utf8mb4_0900_ai_ci NOT NULL COMMENT '岗位名称',
  `org_id` char(36) CHARACTER SET utf8mb4 COLLATE utf8mb4_0900_ai_ci NOT NULL COMMENT '组织id',
  `parent_id` char(36) CHARACTER SET utf8mb4 COLLATE utf8mb4_bin DEFAULT NULL COMMENT '父级id',
  `describe` varchar(200) CHARACTER SET utf8mb4 COLLATE utf8mb4_0900_ai_ci NOT NULL COMMENT '岗位描述',
  `sort` int NOT NULL COMMENT '排序',
  `leader` char(36) CHARACTER SET utf8mb4 COLLATE utf8mb4_bin NOT NULL COMMENT '岗位负责人',
  `founder` char(36) CHARACTER SET utf8mb4 COLLATE utf8mb4_bin NOT NULL COMMENT '创建人',
  `created_time` datetime NOT NULL,
  `updated_time` datetime NOT NULL,
  PRIMARY KEY (`jobs_id`) USING BTREE,
  KEY `org_id` (`org_id`) USING BTREE,
  CONSTRAINT `xmw_jobs_ibfk_1` FOREIGN KEY (`org_id`) REFERENCES `xmw_organization` (`org_id`) ON DELETE RESTRICT ON UPDATE CASCADE
) ENGINE=InnoDB DEFAULT CHARSET=utf8mb4 COLLATE=utf8mb4_0900_ai_ci ROW_FORMAT=DYNAMIC;

-- ----------------------------
-- Records of xmw_jobs
-- ----------------------------
BEGIN;
INSERT INTO `xmw_jobs` (`jobs_id`, `jobs_name`, `org_id`, `parent_id`, `describe`, `sort`, `leader`, `founder`, `created_time`, `updated_time`) VALUES ('046aeaa4-f707-4981-8a30-6e4a8488eb52', '门店员工', '739d9e0c-b570-4bfc-a75b-67c4be1b1af7', NULL, '研发工程师', 1, 'bf75a509-f90e-4a29-8bf7-470b581550f6', 'bf75a509-f90e-4a29-8bf7-470b581550f6', '2022-09-23 15:43:47', '2024-06-14 03:01:56');
INSERT INTO `xmw_jobs` (`jobs_id`, `jobs_name`, `org_id`, `parent_id`, `describe`, `sort`, `leader`, `founder`, `created_time`, `updated_time`) VALUES ('4b90999b-2158-423a-8de5-1bf5b4e54ac7', '创始人', '739d9e0c-b570-4bfc-a75b-67c4be1b1af7', NULL, '阿里巴巴的创始人', 10, 'bf75a509-f90e-4a29-8bf7-470b581550f6', 'bf75a509-f90e-4a29-8bf7-470b581550f6', '2023-09-12 13:59:59', '2024-06-25 19:08:00');
INSERT INTO `xmw_jobs` (`jobs_id`, `jobs_name`, `org_id`, `parent_id`, `describe`, `sort`, `leader`, `founder`, `created_time`, `updated_time`) VALUES ('6c93e5f3-f4e9-43be-9b00-9ba69677a2c2', '店长', '739d9e0c-b570-4bfc-a75b-67c4be1b1af7', '046aeaa4-f707-4981-8a30-6e4a8488eb52', '前端开发', 2, 'bf75a509-f90e-4a29-8bf7-470b581550f6', 'bf75a509-f90e-4a29-8bf7-470b581550f6', '2022-09-23 15:44:02', '2024-06-14 03:02:09');
INSERT INTO `xmw_jobs` (`jobs_id`, `jobs_name`, `org_id`, `parent_id`, `describe`, `sort`, `leader`, `founder`, `created_time`, `updated_time`) VALUES ('74971204-4e24-4f1d-b690-2eb709c0cce9', '一般员工', '739d9e0c-b570-4bfc-a75b-67c4be1b1af7', '6c93e5f3-f4e9-43be-9b00-9ba69677a2c2', '222', 1, 'bf75a509-f90e-4a29-8bf7-470b581550f6', 'bf75a509-f90e-4a29-8bf7-470b581550f6', '2024-06-14 03:03:52', '2024-06-14 03:03:52');
INSERT INTO `xmw_jobs` (`jobs_id`, `jobs_name`, `org_id`, `parent_id`, `describe`, `sort`, `leader`, `founder`, `created_time`, `updated_time`) VALUES ('ab7aabc3-7053-47bf-a6cf-75983c3b108b', '总经理', '739d9e0c-b570-4bfc-a75b-67c4be1b1af7', NULL, '“UI”的本义是用户界面，是英文User和interface的缩写。UI设计师简称UID（User Interface Designer），指从事对软件的人机交互、操作逻辑、界面美观的整体设计工作的人。', 8, 'bf75a509-f90e-4a29-8bf7-470b581550f6', 'bf75a509-f90e-4a29-8bf7-470b581550f6', '2022-09-23 15:42:06', '2024-06-14 03:02:39');
INSERT INTO `xmw_jobs` (`jobs_id`, `jobs_name`, `org_id`, `parent_id`, `describe`, `sort`, `leader`, `founder`, `created_time`, `updated_time`) VALUES ('bf6f329f-e5f0-471d-abb9-7e8a019a78a1', '销售总监', '739d9e0c-b570-4bfc-a75b-67c4be1b1af7', NULL, '技术总监', 9, 'bf75a509-f90e-4a29-8bf7-470b581550f6', 'bf75a509-f90e-4a29-8bf7-470b581550f6', '2023-09-12 13:43:33', '2024-06-14 03:03:08');
INSERT INTO `xmw_jobs` (`jobs_id`, `jobs_name`, `org_id`, `parent_id`, `describe`, `sort`, `leader`, `founder`, `created_time`, `updated_time`) VALUES ('bfc580bd-bd03-46e4-92e6-71c804a1a237', '副经理', '739d9e0c-b570-4bfc-a75b-67c4be1b1af7', 'ab7aabc3-7053-47bf-a6cf-75983c3b108b', '高级', 1, 'bf75a509-f90e-4a29-8bf7-470b581550f6', 'bf75a509-f90e-4a29-8bf7-470b581550f6', '2022-09-23 15:43:32', '2024-06-14 03:14:00');
INSERT INTO `xmw_jobs` (`jobs_id`, `jobs_name`, `org_id`, `parent_id`, `describe`, `sort`, `leader`, `founder`, `created_time`, `updated_time`) VALUES ('c8d1ad72-aba5-48f8-bc8b-7a7ddf5fc2a8', '副总监', '739d9e0c-b570-4bfc-a75b-67c4be1b1af7', 'bf6f329f-e5f0-471d-abb9-7e8a019a78a1', '副总监', 1, 'bf75a509-f90e-4a29-8bf7-470b581550f6', 'bf75a509-f90e-4a29-8bf7-470b581550f6', '2023-09-12 13:44:08', '2023-09-12 13:44:08');
COMMIT;

-- ----------------------------
-- Table structure for xmw_logs
-- ----------------------------
DROP TABLE IF EXISTS `xmw_logs`;
CREATE TABLE `xmw_logs` (
  `log_id` char(36) CHARACTER SET utf8mb4 COLLATE utf8mb4_bin NOT NULL COMMENT '日志id',
  `user_id` char(36) CHARACTER SET utf8mb4 COLLATE utf8mb4_bin NOT NULL COMMENT '用户id',
  `content` varchar(200) CHARACTER SET utf8mb4 COLLATE utf8mb4_0900_ai_ci NOT NULL COMMENT '日志内容',
  `ip` varchar(50) CHARACTER SET utf8mb4 COLLATE utf8mb4_0900_ai_ci NOT NULL COMMENT 'ip',
  `path` varchar(100) CHARACTER SET utf8mb4 COLLATE utf8mb4_0900_ai_ci NOT NULL COMMENT '前端路由',
  `user_agent` varchar(200) CHARACTER SET utf8mb4 COLLATE utf8mb4_0900_ai_ci NOT NULL COMMENT '代理',
  `params` json NOT NULL COMMENT '请求参数',
  `method` varchar(20) CHARACTER SET utf8mb4 COLLATE utf8mb4_0900_ai_ci NOT NULL COMMENT '请求方式',
  `api_url` varchar(100) CHARACTER SET utf8mb4 COLLATE utf8mb4_0900_ai_ci NOT NULL COMMENT '请求地址',
  `created_time` datetime NOT NULL,
  `updated_time` datetime NOT NULL,
  PRIMARY KEY (`log_id`) USING BTREE,
  KEY `user_id` (`user_id`) USING BTREE,
  CONSTRAINT `xmw_logs_ibfk_1` FOREIGN KEY (`user_id`) REFERENCES `xmw_user` (`user_id`) ON DELETE RESTRICT ON UPDATE CASCADE
) ENGINE=InnoDB DEFAULT CHARSET=utf8mb4 COLLATE=utf8mb4_0900_ai_ci ROW_FORMAT=DYNAMIC;

-- ----------------------------
-- Records of xmw_logs
-- ----------------------------
BEGIN;
INSERT INTO `xmw_logs` (`log_id`, `user_id`, `content`, `ip`, `path`, `user_agent`, `params`, `method`, `api_url`, `created_time`, `updated_time`) VALUES ('3a0952f3-ffbe-467e-b231-f4d755aaab92', 'bf75a509-f90e-4a29-8bf7-470b581550f6', '账户登录', '::1', 'http://localhost:8888/', 'Mozilla/5.0 (Macintosh; Intel Mac OS X 10_15_7) AppleWebKit/537.36 (KHTML, like Gecko) Chrome/126.0.0.0 Safari/537.36', '{\"type\": \"account\", \"password\": \"IqDDrMKzGqHgIOW7ya8cMQ==\", \"user_name\": \"admin\", \"verifyCode\": \"10\"}', 'POST', '/v1/auth/login', '2024-06-28 23:34:49', '2024-06-28 23:34:49');
INSERT INTO `xmw_logs` (`log_id`, `user_id`, `content`, `ip`, `path`, `user_agent`, `params`, `method`, `api_url`, `created_time`, `updated_time`) VALUES ('59208b57-7ac0-45d3-b544-9f58d7c21fd3', 'bf75a509-f90e-4a29-8bf7-470b581550f6', '账户登录', '::1', 'http://localhost:8888/', 'Mozilla/5.0 (Macintosh; Intel Mac OS X 10_15_7) AppleWebKit/537.36 (KHTML, like Gecko) Chrome/126.0.0.0 Safari/537.36', '{\"type\": \"account\", \"password\": \"IqDDrMKzGqHgIOW7ya8cMQ==\", \"user_name\": \"admin\", \"verifyCode\": \"5\"}', 'POST', '/v1/auth/login', '2024-06-28 23:39:15', '2024-06-28 23:39:15');
INSERT INTO `xmw_logs` (`log_id`, `user_id`, `content`, `ip`, `path`, `user_agent`, `params`, `method`, `api_url`, `created_time`, `updated_time`) VALUES ('8ac99a9f-3961-4a4c-9a4a-678db42257a6', '7990a3ba-ca50-478f-8ece-05c84fa9b32d', '编辑菜单：卡券管理', '::ffff:127.0.0.1', 'http://localhost:8888/system/menu-management', 'Mozilla/5.0 (Macintosh; Intel Mac OS X 10_15_7) AppleWebKit/537.36 (KHTML, like Gecko) Chrome/126.0.0.0 Safari/537.36', '{\"icon\": \"icon-system\", \"name\": \"cdcc00f5-24f6-4170-8e8e-a115b82f3255\", \"path\": \"coupons\", \"sort\": 99, \"status\": 1, \"menu_type\": \"dir\", \"permission\": \"coupons\"}', 'PUT', '/v1/system/menu-management/3cac12d7-c35a-4b13-ac12-018bb72101bc', '2024-06-28 21:56:31', '2024-06-28 21:56:31');
INSERT INTO `xmw_logs` (`log_id`, `user_id`, `content`, `ip`, `path`, `user_agent`, `params`, `method`, `api_url`, `created_time`, `updated_time`) VALUES ('9b5e096d-d30d-4aa2-8a7e-87dd1f4c8fb4', 'bf75a509-f90e-4a29-8bf7-470b581550f6', '退出登录', '::1', 'http://localhost:8888/', 'Mozilla/5.0 (Macintosh; Intel Mac OS X 10_15_7) AppleWebKit/537.36 (KHTML, like Gecko) Chrome/126.0.0.0 Safari/537.36', '{}', 'POST', '/v1/auth/logout', '2024-06-28 23:36:47', '2024-06-28 23:36:47');
COMMIT;

-- ----------------------------
-- Table structure for xmw_menu
-- ----------------------------
DROP TABLE IF EXISTS `xmw_menu`;
CREATE TABLE `xmw_menu` (
  `menu_id` char(36) CHARACTER SET utf8mb4 COLLATE utf8mb4_bin NOT NULL COMMENT '菜单id',
  `name` char(36) CHARACTER SET utf8mb4 COLLATE utf8mb4_bin NOT NULL COMMENT '国际化对应的name',
  `menu_type` enum('dir','menu','button') CHARACTER SET utf8mb4 COLLATE utf8mb4_0900_ai_ci NOT NULL COMMENT '菜单类型（dir:目录，menu:菜单,button:按钮）',
  `path` varchar(100) CHARACTER SET utf8mb4 COLLATE utf8mb4_0900_ai_ci DEFAULT NULL COMMENT '路由url',
  `icon` varchar(50) CHARACTER SET utf8mb4 COLLATE utf8mb4_0900_ai_ci DEFAULT NULL COMMENT '菜单图标',
  `component` varchar(200) CHARACTER SET utf8mb4 COLLATE utf8mb4_0900_ai_ci DEFAULT NULL COMMENT '菜单对应的文件路径',
  `redirect` varchar(100) CHARACTER SET utf8mb4 COLLATE utf8mb4_0900_ai_ci DEFAULT NULL COMMENT '路由重定向地址',
  `parent_id` char(36) CHARACTER SET utf8mb4 COLLATE utf8mb4_bin DEFAULT NULL COMMENT '父级id',
  `target` enum('_blank','_self','_parent','_top') CHARACTER SET utf8mb4 COLLATE utf8mb4_0900_ai_ci DEFAULT NULL COMMENT '当path是一个url，点击新窗口打开',
  `permission` varchar(100) CHARACTER SET utf8mb4 COLLATE utf8mb4_0900_ai_ci DEFAULT NULL COMMENT '菜单标识(页面按钮权限控制)',
  `layout` enum('side','top','mix') CHARACTER SET utf8mb4 COLLATE utf8mb4_0900_ai_ci DEFAULT NULL COMMENT '是否显示layout布局（side:侧边菜单，top:顶部菜单,mix:混合菜单）',
  `navTheme` enum('dark','light') CHARACTER SET utf8mb4 COLLATE utf8mb4_0900_ai_ci DEFAULT NULL COMMENT '导航菜单的主题（dark:暗黑风格，light:亮色风格）',
  `headerTheme` enum('dark','light') CHARACTER SET utf8mb4 COLLATE utf8mb4_0900_ai_ci DEFAULT NULL COMMENT '顶部导航的主题，mix 模式生效（dark:暗黑风格，light:亮色风格）',
  `hideChildrenInMenu` int DEFAULT NULL COMMENT '是否隐藏子路由',
  `hideInMenu` int DEFAULT NULL COMMENT '是否隐藏菜单，包括子路由',
  `hideInBreadcrumb` int DEFAULT NULL COMMENT '是否在面包屑中隐藏',
  `headerRender` int DEFAULT NULL COMMENT '是否显示顶栏',
  `footerRender` int DEFAULT NULL COMMENT '是否显示页脚',
  `menuRender` int DEFAULT NULL COMMENT '当前路由是否展示菜单',
  `menuHeaderRender` int DEFAULT NULL COMMENT '当前路由是否展示菜单顶栏',
  `flatMenu` int DEFAULT NULL COMMENT '子项往上提，只是不展示父菜单',
  `fixedHeader` int DEFAULT NULL COMMENT '固定顶栏',
  `fixSiderbar` int DEFAULT NULL COMMENT '固定菜单',
  `founder` char(36) CHARACTER SET utf8mb4 COLLATE utf8mb4_bin NOT NULL COMMENT '创建人',
  `sort` int NOT NULL COMMENT '排序',
  `status` int NOT NULL COMMENT '菜单状态（0:禁用，1：正常）',
  `created_time` datetime NOT NULL,
  `updated_time` datetime NOT NULL,
  PRIMARY KEY (`menu_id`) USING BTREE
) ENGINE=InnoDB DEFAULT CHARSET=utf8mb4 COLLATE=utf8mb4_0900_ai_ci ROW_FORMAT=DYNAMIC;

-- ----------------------------
-- Records of xmw_menu
-- ----------------------------
BEGIN;
INSERT INTO `xmw_menu` (`menu_id`, `name`, `menu_type`, `path`, `icon`, `component`, `redirect`, `parent_id`, `target`, `permission`, `layout`, `navTheme`, `headerTheme`, `hideChildrenInMenu`, `hideInMenu`, `hideInBreadcrumb`, `headerRender`, `footerRender`, `menuRender`, `menuHeaderRender`, `flatMenu`, `fixedHeader`, `fixSiderbar`, `founder`, `sort`, `status`, `created_time`, `updated_time`) VALUES ('00d37222-d6b6-43ab-a459-b15610fdcbf3', '4e17740d-5947-47cf-971c-fcadecbec940', 'button', NULL, NULL, NULL, NULL, '562d45f9-e8ca-4ca4-8862-b9a44a3443cd', NULL, 'system:menu-management:edit', NULL, NULL, NULL, 0, 0, 0, 1, 1, 1, 1, 0, 1, 1, 'bf75a509-f90e-4a29-8bf7-470b581550f6', 1, 1, '2022-10-27 16:55:28', '2022-10-27 16:55:28');
INSERT INTO `xmw_menu` (`menu_id`, `name`, `menu_type`, `path`, `icon`, `component`, `redirect`, `parent_id`, `target`, `permission`, `layout`, `navTheme`, `headerTheme`, `hideChildrenInMenu`, `hideInMenu`, `hideInBreadcrumb`, `headerRender`, `footerRender`, `menuRender`, `menuHeaderRender`, `flatMenu`, `fixedHeader`, `fixSiderbar`, `founder`, `sort`, `status`, `created_time`, `updated_time`) VALUES ('062fada5-41b0-4a90-8632-49ef932ed354', '85501869-1929-406b-9084-e9cd709d21cc', 'button', NULL, NULL, NULL, NULL, '1acff778-5508-4724-b3a6-44b26396fd9e', NULL, 'system:internationalization:add', NULL, NULL, NULL, 0, 0, 0, 1, 1, 1, 1, 0, 1, 1, 'bf75a509-f90e-4a29-8bf7-470b581550f6', 1, 1, '2022-10-27 16:58:29', '2022-10-27 16:58:29');
INSERT INTO `xmw_menu` (`menu_id`, `name`, `menu_type`, `path`, `icon`, `component`, `redirect`, `parent_id`, `target`, `permission`, `layout`, `navTheme`, `headerTheme`, `hideChildrenInMenu`, `hideInMenu`, `hideInBreadcrumb`, `headerRender`, `footerRender`, `menuRender`, `menuHeaderRender`, `flatMenu`, `fixedHeader`, `fixSiderbar`, `founder`, `sort`, `status`, `created_time`, `updated_time`) VALUES ('12373f1b-ae2a-48e7-ac06-ad4f15bb4975', 'ceca59e9-005c-42da-83e3-415fac994fac', 'dir', '/dashboard', 'icon-dashboard', NULL, NULL, NULL, NULL, 'dashboard', NULL, NULL, NULL, NULL, NULL, NULL, 1, 1, 1, 1, NULL, NULL, NULL, 'bf75a509-f90e-4a29-8bf7-470b581550f6', 99, 1, '2022-10-27 15:42:56', '2022-11-09 10:21:42');
INSERT INTO `xmw_menu` (`menu_id`, `name`, `menu_type`, `path`, `icon`, `component`, `redirect`, `parent_id`, `target`, `permission`, `layout`, `navTheme`, `headerTheme`, `hideChildrenInMenu`, `hideInMenu`, `hideInBreadcrumb`, `headerRender`, `footerRender`, `menuRender`, `menuHeaderRender`, `flatMenu`, `fixedHeader`, `fixSiderbar`, `founder`, `sort`, `status`, `created_time`, `updated_time`) VALUES ('1360556e-3106-48aa-a030-90edfd7073ea', '3b260bca-826a-4667-b1da-90bb185b8a61', 'button', NULL, NULL, NULL, NULL, 'dd8304e6-09e5-4fa8-8e56-bbefd4e69c0c', NULL, 'administrative:organization:add', NULL, NULL, NULL, 0, 0, 0, 1, 1, 1, 1, 0, 1, 1, 'bf75a509-f90e-4a29-8bf7-470b581550f6', 1, 1, '2022-10-27 16:37:44', '2022-10-27 16:37:44');
INSERT INTO `xmw_menu` (`menu_id`, `name`, `menu_type`, `path`, `icon`, `component`, `redirect`, `parent_id`, `target`, `permission`, `layout`, `navTheme`, `headerTheme`, `hideChildrenInMenu`, `hideInMenu`, `hideInBreadcrumb`, `headerRender`, `footerRender`, `menuRender`, `menuHeaderRender`, `flatMenu`, `fixedHeader`, `fixSiderbar`, `founder`, `sort`, `status`, `created_time`, `updated_time`) VALUES ('17911862-bce9-4264-b541-7ee1d2c7ec13', '16ebb546-7843-465e-ab0f-214bf24d0f79', 'button', NULL, NULL, NULL, NULL, '7d221117-ec0b-407c-b0e3-af6372ac46cc', NULL, 'system:user-management:add', NULL, NULL, NULL, NULL, NULL, NULL, 1, 1, 1, 1, NULL, NULL, NULL, 'bf75a509-f90e-4a29-8bf7-470b581550f6', 1, 1, '2022-12-05 17:12:56', '2022-12-05 17:12:56');
INSERT INTO `xmw_menu` (`menu_id`, `name`, `menu_type`, `path`, `icon`, `component`, `redirect`, `parent_id`, `target`, `permission`, `layout`, `navTheme`, `headerTheme`, `hideChildrenInMenu`, `hideInMenu`, `hideInBreadcrumb`, `headerRender`, `footerRender`, `menuRender`, `menuHeaderRender`, `flatMenu`, `fixedHeader`, `fixSiderbar`, `founder`, `sort`, `status`, `created_time`, `updated_time`) VALUES ('1acff778-5508-4724-b3a6-44b26396fd9e', 'c4d9c21d-f619-48eb-8ceb-537cb064247e', 'menu', '/system/internationalization', 'icon-internationalization', './System/Internationalization', NULL, 'adbc5cd2-b238-45b5-91a5-48324e8ae96b', '_blank', 'system:internationalization', 'side', 'light', 'light', 0, 0, 0, 1, 1, 1, 1, 0, 1, 1, 'bf75a509-f90e-4a29-8bf7-470b581550f6', 44, 1, '2022-10-27 16:57:08', '2022-10-27 16:57:08');
INSERT INTO `xmw_menu` (`menu_id`, `name`, `menu_type`, `path`, `icon`, `component`, `redirect`, `parent_id`, `target`, `permission`, `layout`, `navTheme`, `headerTheme`, `hideChildrenInMenu`, `hideInMenu`, `hideInBreadcrumb`, `headerRender`, `footerRender`, `menuRender`, `menuHeaderRender`, `flatMenu`, `fixedHeader`, `fixSiderbar`, `founder`, `sort`, `status`, `created_time`, `updated_time`) VALUES ('2195a25c-0b59-41f2-8965-e7784b706b56', 'a9175fe0-2809-4936-8e86-01abecbcf627', 'dir', '/customer', 'icon-system', NULL, NULL, NULL, NULL, 'customer', NULL, NULL, NULL, NULL, NULL, NULL, 1, 1, 1, 1, NULL, NULL, NULL, 'bf75a509-f90e-4a29-8bf7-470b581550f6', 81, 1, '2024-06-15 01:26:15', '2024-06-18 22:11:23');
INSERT INTO `xmw_menu` (`menu_id`, `name`, `menu_type`, `path`, `icon`, `component`, `redirect`, `parent_id`, `target`, `permission`, `layout`, `navTheme`, `headerTheme`, `hideChildrenInMenu`, `hideInMenu`, `hideInBreadcrumb`, `headerRender`, `footerRender`, `menuRender`, `menuHeaderRender`, `flatMenu`, `fixedHeader`, `fixSiderbar`, `founder`, `sort`, `status`, `created_time`, `updated_time`) VALUES ('22b1d1f4-2543-4fa9-8d45-c04d9d239c04', 'f2652f3b-b5bf-4397-b7aa-e15761b72b04', 'button', NULL, NULL, NULL, NULL, '7d221117-ec0b-407c-b0e3-af6372ac46cc', NULL, 'system:user-management:edit', NULL, NULL, NULL, NULL, NULL, NULL, 1, 1, 1, 1, NULL, NULL, NULL, 'bf75a509-f90e-4a29-8bf7-470b581550f6', 1, 1, '2022-12-05 17:12:25', '2022-12-05 17:12:25');
INSERT INTO `xmw_menu` (`menu_id`, `name`, `menu_type`, `path`, `icon`, `component`, `redirect`, `parent_id`, `target`, `permission`, `layout`, `navTheme`, `headerTheme`, `hideChildrenInMenu`, `hideInMenu`, `hideInBreadcrumb`, `headerRender`, `footerRender`, `menuRender`, `menuHeaderRender`, `flatMenu`, `fixedHeader`, `fixSiderbar`, `founder`, `sort`, `status`, `created_time`, `updated_time`) VALUES ('255bcf4c-cfbd-4253-9c2d-0b03805e3ff0', '22a98b3b-704e-4de2-8c90-34c2a1387f68', 'dir', '/personal-center', 'icon-personal-center', NULL, NULL, NULL, NULL, 'personal-center', NULL, NULL, NULL, NULL, NULL, NULL, 1, 1, 1, 1, NULL, NULL, NULL, 'bf75a509-f90e-4a29-8bf7-470b581550f6', 77, 1, '2023-01-12 15:28:35', '2023-01-12 15:28:35');
INSERT INTO `xmw_menu` (`menu_id`, `name`, `menu_type`, `path`, `icon`, `component`, `redirect`, `parent_id`, `target`, `permission`, `layout`, `navTheme`, `headerTheme`, `hideChildrenInMenu`, `hideInMenu`, `hideInBreadcrumb`, `headerRender`, `footerRender`, `menuRender`, `menuHeaderRender`, `flatMenu`, `fixedHeader`, `fixSiderbar`, `founder`, `sort`, `status`, `created_time`, `updated_time`) VALUES ('2710e59a-0b37-4ea7-b6aa-73ffe2298391', '61a3ef50-2bd0-4093-bae1-e6bc494369e6', 'button', NULL, NULL, NULL, NULL, 'b5c00c90-c7dc-4c9a-aa10-85e8c1959f8a', NULL, 'administrative:announcement:delete', NULL, NULL, NULL, NULL, NULL, NULL, 1, 1, 1, 1, NULL, NULL, NULL, 'bf75a509-f90e-4a29-8bf7-470b581550f6', 1, 1, '2023-08-28 09:40:57', '2023-08-28 09:40:57');
INSERT INTO `xmw_menu` (`menu_id`, `name`, `menu_type`, `path`, `icon`, `component`, `redirect`, `parent_id`, `target`, `permission`, `layout`, `navTheme`, `headerTheme`, `hideChildrenInMenu`, `hideInMenu`, `hideInBreadcrumb`, `headerRender`, `footerRender`, `menuRender`, `menuHeaderRender`, `flatMenu`, `fixedHeader`, `fixSiderbar`, `founder`, `sort`, `status`, `created_time`, `updated_time`) VALUES ('27d31604-2266-4eea-ab61-5577c62df04f', '4ba5a363-c16e-4f8e-abbd-8d653066aa0d', 'menu', '/administrative/structure', 'icon-structure', './Administrative/Structure', NULL, 'ce451a62-2ac4-44de-8202-cd8b0a702840', '_blank', 'administrative:structure', 'side', 'light', 'light', 0, 0, 0, 1, 1, 1, 1, 0, 1, 1, 'bf75a509-f90e-4a29-8bf7-470b581550f6', 1, 1, '2022-12-29 16:13:24', '2022-12-29 16:13:24');
INSERT INTO `xmw_menu` (`menu_id`, `name`, `menu_type`, `path`, `icon`, `component`, `redirect`, `parent_id`, `target`, `permission`, `layout`, `navTheme`, `headerTheme`, `hideChildrenInMenu`, `hideInMenu`, `hideInBreadcrumb`, `headerRender`, `footerRender`, `menuRender`, `menuHeaderRender`, `flatMenu`, `fixedHeader`, `fixSiderbar`, `founder`, `sort`, `status`, `created_time`, `updated_time`) VALUES ('2a78277f-988b-4ff5-91e4-03b3fc2a1660', 'a6c7dac1-30b2-42de-b0ad-963b4e138e7a', 'menu', '/store/list', NULL, './Store/List', NULL, '5fb7060c-7ed5-4d1c-ac6a-2d9f112ed9f1', '_blank', 'store:list', 'side', 'light', 'light', 0, 0, 0, 1, 1, 1, 1, 0, 1, 1, 'bf75a509-f90e-4a29-8bf7-470b581550f6', 1, 1, '2024-06-15 02:37:32', '2024-06-15 17:47:54');
INSERT INTO `xmw_menu` (`menu_id`, `name`, `menu_type`, `path`, `icon`, `component`, `redirect`, `parent_id`, `target`, `permission`, `layout`, `navTheme`, `headerTheme`, `hideChildrenInMenu`, `hideInMenu`, `hideInBreadcrumb`, `headerRender`, `footerRender`, `menuRender`, `menuHeaderRender`, `flatMenu`, `fixedHeader`, `fixSiderbar`, `founder`, `sort`, `status`, `created_time`, `updated_time`) VALUES ('2beee81a-24b6-49c8-aa4f-22f5249f282d', 'fe00a1f2-4c71-4a09-a8f7-78e18abb2139', 'menu', '/coupons/logs', NULL, './Coupons/Logs', NULL, '3cac12d7-c35a-4b13-ac12-018bb72101bc', '_blank', NULL, 'side', 'light', 'light', 0, 0, 0, 1, 1, 1, 1, 0, 1, 1, 'bf75a509-f90e-4a29-8bf7-470b581550f6', 1, 1, '2024-06-28 10:18:09', '2024-06-28 10:18:09');
INSERT INTO `xmw_menu` (`menu_id`, `name`, `menu_type`, `path`, `icon`, `component`, `redirect`, `parent_id`, `target`, `permission`, `layout`, `navTheme`, `headerTheme`, `hideChildrenInMenu`, `hideInMenu`, `hideInBreadcrumb`, `headerRender`, `footerRender`, `menuRender`, `menuHeaderRender`, `flatMenu`, `fixedHeader`, `fixSiderbar`, `founder`, `sort`, `status`, `created_time`, `updated_time`) VALUES ('2e1d74aa-2356-4b26-8488-7c337ae306cc', '0ed7bafd-c469-4792-9698-05e03152ad9d', 'button', NULL, NULL, NULL, NULL, '6628e05a-876b-4fa1-80df-95f8becf5f7a', NULL, 'administrative:jobs-management:delete', NULL, NULL, NULL, 0, 0, 0, 1, 1, 1, 1, 0, 1, 1, 'bf75a509-f90e-4a29-8bf7-470b581550f6', 1, 1, '2022-10-27 16:50:34', '2022-10-27 16:50:34');
INSERT INTO `xmw_menu` (`menu_id`, `name`, `menu_type`, `path`, `icon`, `component`, `redirect`, `parent_id`, `target`, `permission`, `layout`, `navTheme`, `headerTheme`, `hideChildrenInMenu`, `hideInMenu`, `hideInBreadcrumb`, `headerRender`, `footerRender`, `menuRender`, `menuHeaderRender`, `flatMenu`, `fixedHeader`, `fixSiderbar`, `founder`, `sort`, `status`, `created_time`, `updated_time`) VALUES ('3787908c-3fcc-415f-83a9-a9f3701269ef', '47eba309-b9b8-4943-9e6c-cf2296e41214', 'button', NULL, NULL, NULL, NULL, '6628e05a-876b-4fa1-80df-95f8becf5f7a', NULL, 'administrative:jobs-management:add', NULL, NULL, NULL, 0, 0, 0, 1, 1, 1, 1, 0, 1, 1, 'bf75a509-f90e-4a29-8bf7-470b581550f6', 1, 1, '2022-10-27 16:50:49', '2022-10-27 16:50:49');
INSERT INTO `xmw_menu` (`menu_id`, `name`, `menu_type`, `path`, `icon`, `component`, `redirect`, `parent_id`, `target`, `permission`, `layout`, `navTheme`, `headerTheme`, `hideChildrenInMenu`, `hideInMenu`, `hideInBreadcrumb`, `headerRender`, `footerRender`, `menuRender`, `menuHeaderRender`, `flatMenu`, `fixedHeader`, `fixSiderbar`, `founder`, `sort`, `status`, `created_time`, `updated_time`) VALUES ('38788fd7-fcc2-4d0d-85ec-016bf5a90520', '80bc7545-1e34-4a39-a37a-b07ca74943b5', 'button', NULL, NULL, NULL, NULL, '562d45f9-e8ca-4ca4-8862-b9a44a3443cd', NULL, 'system:menu-management:add-child', NULL, NULL, NULL, 0, 0, 0, 1, 1, 1, 1, 0, 1, 1, 'bf75a509-f90e-4a29-8bf7-470b581550f6', 1, 1, '2022-10-27 16:54:58', '2022-10-27 16:54:58');
INSERT INTO `xmw_menu` (`menu_id`, `name`, `menu_type`, `path`, `icon`, `component`, `redirect`, `parent_id`, `target`, `permission`, `layout`, `navTheme`, `headerTheme`, `hideChildrenInMenu`, `hideInMenu`, `hideInBreadcrumb`, `headerRender`, `footerRender`, `menuRender`, `menuHeaderRender`, `flatMenu`, `fixedHeader`, `fixSiderbar`, `founder`, `sort`, `status`, `created_time`, `updated_time`) VALUES ('3cac12d7-c35a-4b13-ac12-018bb72101bc', 'cdcc00f5-24f6-4170-8e8e-a115b82f3255', 'dir', 'coupons', 'icon-system', NULL, NULL, NULL, NULL, 'coupons', NULL, NULL, NULL, NULL, NULL, NULL, 1, 1, 1, 1, NULL, NULL, NULL, 'bf75a509-f90e-4a29-8bf7-470b581550f6', 99, 1, '2024-06-25 19:41:44', '2024-06-28 21:56:31');
INSERT INTO `xmw_menu` (`menu_id`, `name`, `menu_type`, `path`, `icon`, `component`, `redirect`, `parent_id`, `target`, `permission`, `layout`, `navTheme`, `headerTheme`, `hideChildrenInMenu`, `hideInMenu`, `hideInBreadcrumb`, `headerRender`, `footerRender`, `menuRender`, `menuHeaderRender`, `flatMenu`, `fixedHeader`, `fixSiderbar`, `founder`, `sort`, `status`, `created_time`, `updated_time`) VALUES ('40861c40-fa06-4675-bfc7-f9fd2f7d175f', '0960fd86-7e79-496b-83aa-c4159e516d8c', 'menu', '/administrative', NULL, NULL, '/administrative/organization', 'ce451a62-2ac4-44de-8202-cd8b0a702840', '_blank', NULL, 'side', 'light', 'light', 0, 0, 0, 1, 1, 1, 1, 0, 1, 1, 'bf75a509-f90e-4a29-8bf7-470b581550f6', 88, 1, '2022-10-27 16:31:29', '2022-10-27 16:31:40');
INSERT INTO `xmw_menu` (`menu_id`, `name`, `menu_type`, `path`, `icon`, `component`, `redirect`, `parent_id`, `target`, `permission`, `layout`, `navTheme`, `headerTheme`, `hideChildrenInMenu`, `hideInMenu`, `hideInBreadcrumb`, `headerRender`, `footerRender`, `menuRender`, `menuHeaderRender`, `flatMenu`, `fixedHeader`, `fixSiderbar`, `founder`, `sort`, `status`, `created_time`, `updated_time`) VALUES ('4e70171f-a946-47e8-a471-d8cabd04c264', '51738317-f9fc-48e2-9ace-b418fdacf8e3', 'menu', '/system/role-management', 'icon-role-management', './System/RoleManagement', NULL, 'adbc5cd2-b238-45b5-91a5-48324e8ae96b', '_blank', 'system:role-management', 'side', 'light', 'light', 0, 0, 0, 1, 1, 1, 1, 0, 1, 1, 'bf75a509-f90e-4a29-8bf7-470b581550f6', 55, 1, '2022-12-05 17:13:55', '2022-12-08 09:24:55');
INSERT INTO `xmw_menu` (`menu_id`, `name`, `menu_type`, `path`, `icon`, `component`, `redirect`, `parent_id`, `target`, `permission`, `layout`, `navTheme`, `headerTheme`, `hideChildrenInMenu`, `hideInMenu`, `hideInBreadcrumb`, `headerRender`, `footerRender`, `menuRender`, `menuHeaderRender`, `flatMenu`, `fixedHeader`, `fixSiderbar`, `founder`, `sort`, `status`, `created_time`, `updated_time`) VALUES ('51eb84b9-7f0e-481f-a5bf-caed18f7cab4', '0217378e-8de4-47b2-97f9-021d0d65315c', 'menu', '/customer/management', NULL, './Customer/Management', NULL, '2195a25c-0b59-41f2-8965-e7784b706b56', '_blank', 'customer:management', 'side', 'light', 'light', 0, 0, 0, 1, 1, 1, 1, 0, 1, 1, 'bf75a509-f90e-4a29-8bf7-470b581550f6', 1, 1, '2024-06-15 02:02:56', '2024-06-15 02:02:56');
INSERT INTO `xmw_menu` (`menu_id`, `name`, `menu_type`, `path`, `icon`, `component`, `redirect`, `parent_id`, `target`, `permission`, `layout`, `navTheme`, `headerTheme`, `hideChildrenInMenu`, `hideInMenu`, `hideInBreadcrumb`, `headerRender`, `footerRender`, `menuRender`, `menuHeaderRender`, `flatMenu`, `fixedHeader`, `fixSiderbar`, `founder`, `sort`, `status`, `created_time`, `updated_time`) VALUES ('53c62f3b-612d-4bd3-be2e-29d6c5998b0f', 'ceca59e9-005c-42da-83e3-415fac994fac', 'menu', '/dashboard', NULL, NULL, '/dashboard/work-bench', '12373f1b-ae2a-48e7-ac06-ad4f15bb4975', '_blank', NULL, 'side', 'light', 'light', 0, 0, 1, 1, 1, 1, 1, 0, 1, 1, 'bf75a509-f90e-4a29-8bf7-470b581550f6', 99, 1, '2022-10-27 15:44:53', '2022-10-27 16:31:53');
INSERT INTO `xmw_menu` (`menu_id`, `name`, `menu_type`, `path`, `icon`, `component`, `redirect`, `parent_id`, `target`, `permission`, `layout`, `navTheme`, `headerTheme`, `hideChildrenInMenu`, `hideInMenu`, `hideInBreadcrumb`, `headerRender`, `footerRender`, `menuRender`, `menuHeaderRender`, `flatMenu`, `fixedHeader`, `fixSiderbar`, `founder`, `sort`, `status`, `created_time`, `updated_time`) VALUES ('562d45f9-e8ca-4ca4-8862-b9a44a3443cd', '32b547e4-e6a1-49bb-b801-cd377185ab43', 'menu', '/system/menu-management', 'icon-menu-management', './System/MenuManagement', NULL, 'adbc5cd2-b238-45b5-91a5-48324e8ae96b', '_blank', 'system:menu-management', 'side', 'light', 'light', 0, 0, 0, 1, 1, 1, 1, 0, 1, 1, 'bf75a509-f90e-4a29-8bf7-470b581550f6', 66, 1, '2022-10-27 16:54:33', '2022-10-27 16:54:33');
INSERT INTO `xmw_menu` (`menu_id`, `name`, `menu_type`, `path`, `icon`, `component`, `redirect`, `parent_id`, `target`, `permission`, `layout`, `navTheme`, `headerTheme`, `hideChildrenInMenu`, `hideInMenu`, `hideInBreadcrumb`, `headerRender`, `footerRender`, `menuRender`, `menuHeaderRender`, `flatMenu`, `fixedHeader`, `fixSiderbar`, `founder`, `sort`, `status`, `created_time`, `updated_time`) VALUES ('59a27556-69e9-4ecf-879f-fdd943fd190c', '630b29a5-77d0-4c50-867c-226227ce6fd5', 'button', NULL, NULL, NULL, NULL, 'dd8304e6-09e5-4fa8-8e56-bbefd4e69c0c', NULL, 'administrative:organization:add-child', NULL, NULL, NULL, 0, 0, 0, 1, 1, 1, 1, 0, 1, 1, 'bf75a509-f90e-4a29-8bf7-470b581550f6', 1, 1, '2022-10-27 16:35:24', '2022-10-27 16:35:24');
INSERT INTO `xmw_menu` (`menu_id`, `name`, `menu_type`, `path`, `icon`, `component`, `redirect`, `parent_id`, `target`, `permission`, `layout`, `navTheme`, `headerTheme`, `hideChildrenInMenu`, `hideInMenu`, `hideInBreadcrumb`, `headerRender`, `footerRender`, `menuRender`, `menuHeaderRender`, `flatMenu`, `fixedHeader`, `fixSiderbar`, `founder`, `sort`, `status`, `created_time`, `updated_time`) VALUES ('5bb63c89-e82a-4431-b80b-5c4e332a312e', '44182887-f08b-45b3-9291-5dfd4506a804', 'menu', '/dashboard/work-bench', 'icon-work-bench', './Dashboard/Workbench', NULL, '12373f1b-ae2a-48e7-ac06-ad4f15bb4975', '_blank', 'dashboard:work-bench', 'side', 'light', 'light', 0, 0, 0, 1, 1, 1, 1, 0, 1, 1, 'bf75a509-f90e-4a29-8bf7-470b581550f6', 1, 1, '2022-10-27 15:46:32', '2022-10-27 15:46:32');
INSERT INTO `xmw_menu` (`menu_id`, `name`, `menu_type`, `path`, `icon`, `component`, `redirect`, `parent_id`, `target`, `permission`, `layout`, `navTheme`, `headerTheme`, `hideChildrenInMenu`, `hideInMenu`, `hideInBreadcrumb`, `headerRender`, `footerRender`, `menuRender`, `menuHeaderRender`, `flatMenu`, `fixedHeader`, `fixSiderbar`, `founder`, `sort`, `status`, `created_time`, `updated_time`) VALUES ('5c33c1f0-eb05-4773-a61f-7bc773d4633a', '22a98b3b-704e-4de2-8c90-34c2a1387f68', 'menu', '/personal-center', NULL, NULL, '/personal-center/personal-information', '255bcf4c-cfbd-4253-9c2d-0b03805e3ff0', '_blank', NULL, 'side', 'light', 'light', 0, 0, 0, 1, 1, 1, 1, 0, 1, 1, 'bf75a509-f90e-4a29-8bf7-470b581550f6', 99, 1, '2023-01-12 15:30:42', '2023-01-12 15:30:42');
INSERT INTO `xmw_menu` (`menu_id`, `name`, `menu_type`, `path`, `icon`, `component`, `redirect`, `parent_id`, `target`, `permission`, `layout`, `navTheme`, `headerTheme`, `hideChildrenInMenu`, `hideInMenu`, `hideInBreadcrumb`, `headerRender`, `footerRender`, `menuRender`, `menuHeaderRender`, `flatMenu`, `fixedHeader`, `fixSiderbar`, `founder`, `sort`, `status`, `created_time`, `updated_time`) VALUES ('5fb7060c-7ed5-4d1c-ac6a-2d9f112ed9f1', '21f6d4e3-0293-407f-86c1-6b2bc0d6d74d', 'dir', '/store', 'icon-system', NULL, NULL, NULL, NULL, 'store', NULL, NULL, NULL, NULL, NULL, NULL, 1, 1, 1, 1, NULL, NULL, NULL, 'bf75a509-f90e-4a29-8bf7-470b581550f6', 99, 1, '2024-06-15 02:36:37', '2024-06-17 01:48:19');
INSERT INTO `xmw_menu` (`menu_id`, `name`, `menu_type`, `path`, `icon`, `component`, `redirect`, `parent_id`, `target`, `permission`, `layout`, `navTheme`, `headerTheme`, `hideChildrenInMenu`, `hideInMenu`, `hideInBreadcrumb`, `headerRender`, `footerRender`, `menuRender`, `menuHeaderRender`, `flatMenu`, `fixedHeader`, `fixSiderbar`, `founder`, `sort`, `status`, `created_time`, `updated_time`) VALUES ('6628e05a-876b-4fa1-80df-95f8becf5f7a', '9d8cdcd5-2151-43fe-8230-3ae610a9b3e3', 'menu', '/administrative/jobs-management', 'icon-jobs-management', './Aministrative/JobsManagement', NULL, 'ce451a62-2ac4-44de-8202-cd8b0a702840', '_blank', 'administrative:jobs-management', 'side', 'dark', 'dark', 0, 0, 0, 1, 1, 1, 1, 0, 1, 1, 'bf75a509-f90e-4a29-8bf7-470b581550f6', 66, 1, '2022-10-27 16:48:37', '2024-06-28 12:55:06');
INSERT INTO `xmw_menu` (`menu_id`, `name`, `menu_type`, `path`, `icon`, `component`, `redirect`, `parent_id`, `target`, `permission`, `layout`, `navTheme`, `headerTheme`, `hideChildrenInMenu`, `hideInMenu`, `hideInBreadcrumb`, `headerRender`, `footerRender`, `menuRender`, `menuHeaderRender`, `flatMenu`, `fixedHeader`, `fixSiderbar`, `founder`, `sort`, `status`, `created_time`, `updated_time`) VALUES ('7688d4a8-7214-446e-96d7-b65088af0dbb', '08748ffe-5d33-4406-b786-cf61e3205a90', 'button', NULL, NULL, NULL, NULL, '4e70171f-a946-47e8-a471-d8cabd04c264', NULL, 'system:role-management:delete', NULL, NULL, NULL, NULL, NULL, NULL, 1, 1, 1, 1, NULL, NULL, NULL, 'bf75a509-f90e-4a29-8bf7-470b581550f6', 1, 1, '2022-12-05 17:14:32', '2022-12-05 17:14:32');
INSERT INTO `xmw_menu` (`menu_id`, `name`, `menu_type`, `path`, `icon`, `component`, `redirect`, `parent_id`, `target`, `permission`, `layout`, `navTheme`, `headerTheme`, `hideChildrenInMenu`, `hideInMenu`, `hideInBreadcrumb`, `headerRender`, `footerRender`, `menuRender`, `menuHeaderRender`, `flatMenu`, `fixedHeader`, `fixSiderbar`, `founder`, `sort`, `status`, `created_time`, `updated_time`) VALUES ('7d221117-ec0b-407c-b0e3-af6372ac46cc', '505ca506-6cdc-4c88-b24b-479d6456bbde', 'menu', '/system/user-management', 'icon-user-management', './System/UserManagement', NULL, 'adbc5cd2-b238-45b5-91a5-48324e8ae96b', '_blank', 'system:user-management', 'side', 'dark', 'light', 0, 0, 0, 1, 1, 1, 1, 0, 1, 1, 'bf75a509-f90e-4a29-8bf7-470b581550f6', 88, 1, '2022-12-05 17:11:13', '2024-06-15 02:04:35');
INSERT INTO `xmw_menu` (`menu_id`, `name`, `menu_type`, `path`, `icon`, `component`, `redirect`, `parent_id`, `target`, `permission`, `layout`, `navTheme`, `headerTheme`, `hideChildrenInMenu`, `hideInMenu`, `hideInBreadcrumb`, `headerRender`, `footerRender`, `menuRender`, `menuHeaderRender`, `flatMenu`, `fixedHeader`, `fixSiderbar`, `founder`, `sort`, `status`, `created_time`, `updated_time`) VALUES ('7db8a7f0-2927-466d-9b70-dcc9ee748869', '5059ae7e-dc45-467e-ba9c-55c43d66c4f5', 'menu', '/coupons/list', '', './Coupons/List', NULL, '3cac12d7-c35a-4b13-ac12-018bb72101bc', '_blank', 'coupons.list', 'side', 'light', 'light', 0, 0, 0, 1, 1, 1, 1, 0, 1, 1, 'bf75a509-f90e-4a29-8bf7-470b581550f6', 1, 1, '2024-06-25 19:43:13', '2024-06-27 21:05:35');
INSERT INTO `xmw_menu` (`menu_id`, `name`, `menu_type`, `path`, `icon`, `component`, `redirect`, `parent_id`, `target`, `permission`, `layout`, `navTheme`, `headerTheme`, `hideChildrenInMenu`, `hideInMenu`, `hideInBreadcrumb`, `headerRender`, `footerRender`, `menuRender`, `menuHeaderRender`, `flatMenu`, `fixedHeader`, `fixSiderbar`, `founder`, `sort`, `status`, `created_time`, `updated_time`) VALUES ('81abb19d-51f6-4256-a3d3-ed13a8cbd259', '0ca938ac-db88-4b99-8863-5bb3ae8a094c', 'menu', '/personal-center/personal-information', 'icon-personal-information', './PersonalCenter/PersonalInformation', NULL, '255bcf4c-cfbd-4253-9c2d-0b03805e3ff0', '_blank', 'personal-center:personal-information', 'mix', 'dark', 'dark', 0, 0, 0, 1, 1, 1, 1, 0, 1, 1, 'bf75a509-f90e-4a29-8bf7-470b581550f6', 88, 1, '2023-01-12 15:32:11', '2023-09-25 17:31:17');
INSERT INTO `xmw_menu` (`menu_id`, `name`, `menu_type`, `path`, `icon`, `component`, `redirect`, `parent_id`, `target`, `permission`, `layout`, `navTheme`, `headerTheme`, `hideChildrenInMenu`, `hideInMenu`, `hideInBreadcrumb`, `headerRender`, `footerRender`, `menuRender`, `menuHeaderRender`, `flatMenu`, `fixedHeader`, `fixSiderbar`, `founder`, `sort`, `status`, `created_time`, `updated_time`) VALUES ('81c3b5d3-6715-49d2-a7b1-b4e3ba6b3732', '1645fb99-80fa-45e5-a075-8296479afb6b', 'button', NULL, NULL, NULL, NULL, '1acff778-5508-4724-b3a6-44b26396fd9e', NULL, 'system:internationalization:edit', NULL, NULL, NULL, 0, 0, 0, 1, 1, 1, 1, 0, 1, 1, 'bf75a509-f90e-4a29-8bf7-470b581550f6', 1, 1, '2022-10-27 16:57:51', '2022-10-27 16:57:51');
INSERT INTO `xmw_menu` (`menu_id`, `name`, `menu_type`, `path`, `icon`, `component`, `redirect`, `parent_id`, `target`, `permission`, `layout`, `navTheme`, `headerTheme`, `hideChildrenInMenu`, `hideInMenu`, `hideInBreadcrumb`, `headerRender`, `footerRender`, `menuRender`, `menuHeaderRender`, `flatMenu`, `fixedHeader`, `fixSiderbar`, `founder`, `sort`, `status`, `created_time`, `updated_time`) VALUES ('81d6e4a1-68e5-4b4e-bf3b-851a7adc2e03', '85eb76fb-5f11-45cb-85b5-ef8afa2ccf15', 'button', NULL, NULL, NULL, NULL, '6628e05a-876b-4fa1-80df-95f8becf5f7a', NULL, 'administrative:jobs-management:add-child', NULL, NULL, NULL, 0, 0, 0, 1, 1, 1, 1, 0, 1, 1, 'bf75a509-f90e-4a29-8bf7-470b581550f6', 1, 1, '2022-10-27 16:49:25', '2022-10-27 16:49:25');
INSERT INTO `xmw_menu` (`menu_id`, `name`, `menu_type`, `path`, `icon`, `component`, `redirect`, `parent_id`, `target`, `permission`, `layout`, `navTheme`, `headerTheme`, `hideChildrenInMenu`, `hideInMenu`, `hideInBreadcrumb`, `headerRender`, `footerRender`, `menuRender`, `menuHeaderRender`, `flatMenu`, `fixedHeader`, `fixSiderbar`, `founder`, `sort`, `status`, `created_time`, `updated_time`) VALUES ('84baadf6-e32c-4b90-8537-353dc9b25adc', 'f49d670d-e00c-409c-bdf7-0088a367bb39', 'button', NULL, NULL, NULL, NULL, '4e70171f-a946-47e8-a471-d8cabd04c264', NULL, 'system:role-management:edit', NULL, NULL, NULL, NULL, NULL, NULL, 1, 1, 1, 1, NULL, NULL, NULL, 'bf75a509-f90e-4a29-8bf7-470b581550f6', 1, 1, '2022-12-05 17:14:19', '2022-12-05 17:14:19');
INSERT INTO `xmw_menu` (`menu_id`, `name`, `menu_type`, `path`, `icon`, `component`, `redirect`, `parent_id`, `target`, `permission`, `layout`, `navTheme`, `headerTheme`, `hideChildrenInMenu`, `hideInMenu`, `hideInBreadcrumb`, `headerRender`, `footerRender`, `menuRender`, `menuHeaderRender`, `flatMenu`, `fixedHeader`, `fixSiderbar`, `founder`, `sort`, `status`, `created_time`, `updated_time`) VALUES ('88e28d3c-b444-4e08-ba6b-290aea688344', '48ea12ef-201f-4738-8af8-066533179393', 'menu', '/system', NULL, NULL, '/system/user-management', 'adbc5cd2-b238-45b5-91a5-48324e8ae96b', '_blank', NULL, 'side', 'light', 'light', 0, 0, 0, 1, 1, 1, 1, 0, 1, 1, 'bf75a509-f90e-4a29-8bf7-470b581550f6', 99, 1, '2022-10-27 16:53:30', '2022-12-08 09:53:01');
INSERT INTO `xmw_menu` (`menu_id`, `name`, `menu_type`, `path`, `icon`, `component`, `redirect`, `parent_id`, `target`, `permission`, `layout`, `navTheme`, `headerTheme`, `hideChildrenInMenu`, `hideInMenu`, `hideInBreadcrumb`, `headerRender`, `footerRender`, `menuRender`, `menuHeaderRender`, `flatMenu`, `fixedHeader`, `fixSiderbar`, `founder`, `sort`, `status`, `created_time`, `updated_time`) VALUES ('8cd56a7c-1521-47e4-821a-2ceb7bdf3959', '6a881bc8-e504-4b32-b424-e15cbe01ff79', 'menu', '/coupons/members', NULL, './Coupons/Members', NULL, '3cac12d7-c35a-4b13-ac12-018bb72101bc', '_blank', NULL, 'side', 'light', 'light', 0, 0, 0, 1, 1, 1, 1, 0, 1, 1, 'bf75a509-f90e-4a29-8bf7-470b581550f6', 1, 1, '2024-06-27 21:11:36', '2024-06-27 21:12:54');
INSERT INTO `xmw_menu` (`menu_id`, `name`, `menu_type`, `path`, `icon`, `component`, `redirect`, `parent_id`, `target`, `permission`, `layout`, `navTheme`, `headerTheme`, `hideChildrenInMenu`, `hideInMenu`, `hideInBreadcrumb`, `headerRender`, `footerRender`, `menuRender`, `menuHeaderRender`, `flatMenu`, `fixedHeader`, `fixSiderbar`, `founder`, `sort`, `status`, `created_time`, `updated_time`) VALUES ('96c2072e-54bd-4d49-a335-ec8a4b3efa7d', '3f2d1b6c-85df-488b-b3b4-e537d523d124', 'button', NULL, NULL, NULL, NULL, 'b5c00c90-c7dc-4c9a-aa10-85e8c1959f8a', NULL, 'administrative:announcement:add', NULL, NULL, NULL, NULL, NULL, NULL, 1, 1, 1, 1, NULL, NULL, NULL, 'bf75a509-f90e-4a29-8bf7-470b581550f6', 1, 1, '2023-08-28 09:40:34', '2023-08-28 17:34:35');
INSERT INTO `xmw_menu` (`menu_id`, `name`, `menu_type`, `path`, `icon`, `component`, `redirect`, `parent_id`, `target`, `permission`, `layout`, `navTheme`, `headerTheme`, `hideChildrenInMenu`, `hideInMenu`, `hideInBreadcrumb`, `headerRender`, `footerRender`, `menuRender`, `menuHeaderRender`, `flatMenu`, `fixedHeader`, `fixSiderbar`, `founder`, `sort`, `status`, `created_time`, `updated_time`) VALUES ('981f9c37-8775-458a-983f-23e775eae472', '92e1670f-3d65-49a3-8b65-cffe529ad03e', 'button', NULL, NULL, NULL, NULL, '6628e05a-876b-4fa1-80df-95f8becf5f7a', NULL, 'administrative:jobs-management:edit', NULL, NULL, NULL, 0, 0, 0, 1, 1, 1, 1, 0, 1, 1, 'bf75a509-f90e-4a29-8bf7-470b581550f6', 1, 1, '2022-10-27 16:50:16', '2022-10-27 16:50:16');
INSERT INTO `xmw_menu` (`menu_id`, `name`, `menu_type`, `path`, `icon`, `component`, `redirect`, `parent_id`, `target`, `permission`, `layout`, `navTheme`, `headerTheme`, `hideChildrenInMenu`, `hideInMenu`, `hideInBreadcrumb`, `headerRender`, `footerRender`, `menuRender`, `menuHeaderRender`, `flatMenu`, `fixedHeader`, `fixSiderbar`, `founder`, `sort`, `status`, `created_time`, `updated_time`) VALUES ('a991fd67-82cb-4b61-9baa-dfefbbcabd44', 'a1a2326a-dee4-40be-9f85-cb18ec87e049', 'button', NULL, NULL, NULL, NULL, '2a78277f-988b-4ff5-91e4-03b3fc2a1660', NULL, 'store:list:add', NULL, NULL, NULL, NULL, NULL, NULL, 1, 1, 1, 1, NULL, NULL, NULL, 'bf75a509-f90e-4a29-8bf7-470b581550f6', 1, 1, '2024-06-15 17:38:53', '2024-06-15 17:48:10');
INSERT INTO `xmw_menu` (`menu_id`, `name`, `menu_type`, `path`, `icon`, `component`, `redirect`, `parent_id`, `target`, `permission`, `layout`, `navTheme`, `headerTheme`, `hideChildrenInMenu`, `hideInMenu`, `hideInBreadcrumb`, `headerRender`, `footerRender`, `menuRender`, `menuHeaderRender`, `flatMenu`, `fixedHeader`, `fixSiderbar`, `founder`, `sort`, `status`, `created_time`, `updated_time`) VALUES ('adbc5cd2-b238-45b5-91a5-48324e8ae96b', '48ea12ef-201f-4738-8af8-066533179393', 'dir', '/system', 'icon-system', NULL, NULL, NULL, NULL, 'system', NULL, NULL, NULL, NULL, NULL, NULL, 1, 1, 1, 1, NULL, NULL, NULL, 'bf75a509-f90e-4a29-8bf7-470b581550f6', 66, 1, '2022-10-27 16:52:54', '2023-01-12 15:27:19');
INSERT INTO `xmw_menu` (`menu_id`, `name`, `menu_type`, `path`, `icon`, `component`, `redirect`, `parent_id`, `target`, `permission`, `layout`, `navTheme`, `headerTheme`, `hideChildrenInMenu`, `hideInMenu`, `hideInBreadcrumb`, `headerRender`, `footerRender`, `menuRender`, `menuHeaderRender`, `flatMenu`, `fixedHeader`, `fixSiderbar`, `founder`, `sort`, `status`, `created_time`, `updated_time`) VALUES ('b074dbaa-03d5-4897-8d05-99f72969efd7', '3d280731-629d-449f-ba6c-ecd6f8a1617c', 'menu', '/personal-center/personal-setting', 'icon-personal-setting', './PersonalCenter/PersonalSetting', NULL, '255bcf4c-cfbd-4253-9c2d-0b03805e3ff0', '_blank', 'personal-center:personal-setting', 'side', 'light', 'light', 0, 0, 0, 1, 1, 1, 1, 0, 1, 1, 'bf75a509-f90e-4a29-8bf7-470b581550f6', 77, 1, '2023-01-12 15:32:56', '2023-01-12 15:34:35');
INSERT INTO `xmw_menu` (`menu_id`, `name`, `menu_type`, `path`, `icon`, `component`, `redirect`, `parent_id`, `target`, `permission`, `layout`, `navTheme`, `headerTheme`, `hideChildrenInMenu`, `hideInMenu`, `hideInBreadcrumb`, `headerRender`, `footerRender`, `menuRender`, `menuHeaderRender`, `flatMenu`, `fixedHeader`, `fixSiderbar`, `founder`, `sort`, `status`, `created_time`, `updated_time`) VALUES ('b1945758-403e-4d90-a096-312b2b424ff3', 'a3e5683c-c551-4f47-aa6e-15c64b69e01d', 'menu', '/system/operation-log', 'icon-operation-log', './System/OperationLog', NULL, 'adbc5cd2-b238-45b5-91a5-48324e8ae96b', '_blank', 'system:operation-log', 'side', 'light', 'light', 0, 0, 0, 1, 1, 1, 1, 0, 1, 1, 'bf75a509-f90e-4a29-8bf7-470b581550f6', 1, 1, '2023-03-17 16:38:17', '2023-03-17 16:50:37');
INSERT INTO `xmw_menu` (`menu_id`, `name`, `menu_type`, `path`, `icon`, `component`, `redirect`, `parent_id`, `target`, `permission`, `layout`, `navTheme`, `headerTheme`, `hideChildrenInMenu`, `hideInMenu`, `hideInBreadcrumb`, `headerRender`, `footerRender`, `menuRender`, `menuHeaderRender`, `flatMenu`, `fixedHeader`, `fixSiderbar`, `founder`, `sort`, `status`, `created_time`, `updated_time`) VALUES ('b5c00c90-c7dc-4c9a-aa10-85e8c1959f8a', 'f1a1c4f7-9122-42a6-a5f2-84ce59f37807', 'menu', '/administrative/announcement', 'icon-announcement', './Administrative/Announcement', NULL, 'ce451a62-2ac4-44de-8202-cd8b0a702840', '_blank', 'administrative:announcement', 'side', 'light', 'light', 0, 0, 0, 1, 1, 1, 1, 0, 1, 1, 'bf75a509-f90e-4a29-8bf7-470b581550f6', 86, 1, '2023-08-28 09:35:36', '2023-08-28 09:35:51');
INSERT INTO `xmw_menu` (`menu_id`, `name`, `menu_type`, `path`, `icon`, `component`, `redirect`, `parent_id`, `target`, `permission`, `layout`, `navTheme`, `headerTheme`, `hideChildrenInMenu`, `hideInMenu`, `hideInBreadcrumb`, `headerRender`, `footerRender`, `menuRender`, `menuHeaderRender`, `flatMenu`, `fixedHeader`, `fixSiderbar`, `founder`, `sort`, `status`, `created_time`, `updated_time`) VALUES ('b6b55595-9929-4036-bcd3-b6016a642f25', '2abb3cf1-a8a5-4979-bc8f-0d6ca312e362', 'button', NULL, NULL, NULL, NULL, '7d221117-ec0b-407c-b0e3-af6372ac46cc', NULL, 'system:user-management:delete', NULL, NULL, NULL, NULL, NULL, NULL, 1, 1, 1, 1, NULL, NULL, NULL, 'bf75a509-f90e-4a29-8bf7-470b581550f6', 1, 1, '2022-12-05 17:12:43', '2022-12-05 17:12:43');
INSERT INTO `xmw_menu` (`menu_id`, `name`, `menu_type`, `path`, `icon`, `component`, `redirect`, `parent_id`, `target`, `permission`, `layout`, `navTheme`, `headerTheme`, `hideChildrenInMenu`, `hideInMenu`, `hideInBreadcrumb`, `headerRender`, `footerRender`, `menuRender`, `menuHeaderRender`, `flatMenu`, `fixedHeader`, `fixSiderbar`, `founder`, `sort`, `status`, `created_time`, `updated_time`) VALUES ('bf2dc72c-c524-4be3-a1cf-1da2bd853444', 'e11d0e19-da4e-453f-bb1b-8303f1874deb', 'button', NULL, NULL, NULL, NULL, 'b5c00c90-c7dc-4c9a-aa10-85e8c1959f8a', NULL, 'administrative:announcement:edit', NULL, NULL, NULL, NULL, NULL, NULL, 1, 1, 1, 1, NULL, NULL, NULL, 'bf75a509-f90e-4a29-8bf7-470b581550f6', 1, 1, '2023-08-28 09:40:47', '2023-08-28 09:40:47');
INSERT INTO `xmw_menu` (`menu_id`, `name`, `menu_type`, `path`, `icon`, `component`, `redirect`, `parent_id`, `target`, `permission`, `layout`, `navTheme`, `headerTheme`, `hideChildrenInMenu`, `hideInMenu`, `hideInBreadcrumb`, `headerRender`, `footerRender`, `menuRender`, `menuHeaderRender`, `flatMenu`, `fixedHeader`, `fixSiderbar`, `founder`, `sort`, `status`, `created_time`, `updated_time`) VALUES ('c1a6ef88-72b0-4ddd-8179-85f7f9dc9294', 'c4084914-eece-4a6d-9617-4a9185f1eb1c', 'button', NULL, NULL, NULL, NULL, '4e70171f-a946-47e8-a471-d8cabd04c264', NULL, 'system:role-management:add', NULL, NULL, NULL, NULL, NULL, NULL, 1, 1, 1, 1, NULL, NULL, NULL, 'bf75a509-f90e-4a29-8bf7-470b581550f6', 1, 1, '2022-12-05 17:14:44', '2022-12-05 17:14:44');
INSERT INTO `xmw_menu` (`menu_id`, `name`, `menu_type`, `path`, `icon`, `component`, `redirect`, `parent_id`, `target`, `permission`, `layout`, `navTheme`, `headerTheme`, `hideChildrenInMenu`, `hideInMenu`, `hideInBreadcrumb`, `headerRender`, `footerRender`, `menuRender`, `menuHeaderRender`, `flatMenu`, `fixedHeader`, `fixSiderbar`, `founder`, `sort`, `status`, `created_time`, `updated_time`) VALUES ('c80bdcb6-36f7-4ec3-a7e1-7565675498ba', 'b45c063c-d1ee-4076-8118-a4884d37474b', 'menu', '/customer/potential-customer', '', './Customer/PotentialCustomer', NULL, '2195a25c-0b59-41f2-8965-e7784b706b56', NULL, 'customer:customer-potential', NULL, NULL, NULL, NULL, NULL, NULL, 1, 1, 1, 1, NULL, NULL, NULL, 'bf75a509-f90e-4a29-8bf7-470b581550f6', 1, 1, '2024-06-21 21:16:54', '2024-06-21 21:27:06');
INSERT INTO `xmw_menu` (`menu_id`, `name`, `menu_type`, `path`, `icon`, `component`, `redirect`, `parent_id`, `target`, `permission`, `layout`, `navTheme`, `headerTheme`, `hideChildrenInMenu`, `hideInMenu`, `hideInBreadcrumb`, `headerRender`, `footerRender`, `menuRender`, `menuHeaderRender`, `flatMenu`, `fixedHeader`, `fixSiderbar`, `founder`, `sort`, `status`, `created_time`, `updated_time`) VALUES ('cb5383ec-cd53-4692-84ba-48aa08f33062', '8180d242-96b1-4767-a5c8-0eebac58d2b1', 'button', NULL, NULL, NULL, NULL, '2a78277f-988b-4ff5-91e4-03b3fc2a1660', NULL, 'store:list:edit', NULL, NULL, NULL, NULL, NULL, NULL, 1, 1, 1, 1, NULL, NULL, NULL, 'bf75a509-f90e-4a29-8bf7-470b581550f6', 1, 1, '2024-06-17 01:17:47', '2024-06-17 01:17:47');
INSERT INTO `xmw_menu` (`menu_id`, `name`, `menu_type`, `path`, `icon`, `component`, `redirect`, `parent_id`, `target`, `permission`, `layout`, `navTheme`, `headerTheme`, `hideChildrenInMenu`, `hideInMenu`, `hideInBreadcrumb`, `headerRender`, `footerRender`, `menuRender`, `menuHeaderRender`, `flatMenu`, `fixedHeader`, `fixSiderbar`, `founder`, `sort`, `status`, `created_time`, `updated_time`) VALUES ('ce451a62-2ac4-44de-8202-cd8b0a702840', '0960fd86-7e79-496b-83aa-c4159e516d8c', 'dir', '/administrative', 'icon-administrative', NULL, NULL, NULL, NULL, 'administrative', NULL, NULL, NULL, NULL, NULL, NULL, 1, 1, 1, 1, NULL, NULL, NULL, 'bf75a509-f90e-4a29-8bf7-470b581550f6', 88, 1, '2022-10-27 16:30:36', '2022-10-27 16:52:19');
INSERT INTO `xmw_menu` (`menu_id`, `name`, `menu_type`, `path`, `icon`, `component`, `redirect`, `parent_id`, `target`, `permission`, `layout`, `navTheme`, `headerTheme`, `hideChildrenInMenu`, `hideInMenu`, `hideInBreadcrumb`, `headerRender`, `footerRender`, `menuRender`, `menuHeaderRender`, `flatMenu`, `fixedHeader`, `fixSiderbar`, `founder`, `sort`, `status`, `created_time`, `updated_time`) VALUES ('d518e1bd-7440-4e15-b509-23353aec3205', 'f9e5a8db-da13-435f-a0e8-2bf9da2695c9', 'button', NULL, NULL, NULL, NULL, 'dd8304e6-09e5-4fa8-8e56-bbefd4e69c0c', NULL, 'administrative:organization:delete', NULL, NULL, NULL, 0, 0, 0, 1, 1, 1, 1, 0, 1, 1, 'bf75a509-f90e-4a29-8bf7-470b581550f6', 1, 1, '2022-10-27 16:37:34', '2022-10-27 16:37:34');
INSERT INTO `xmw_menu` (`menu_id`, `name`, `menu_type`, `path`, `icon`, `component`, `redirect`, `parent_id`, `target`, `permission`, `layout`, `navTheme`, `headerTheme`, `hideChildrenInMenu`, `hideInMenu`, `hideInBreadcrumb`, `headerRender`, `footerRender`, `menuRender`, `menuHeaderRender`, `flatMenu`, `fixedHeader`, `fixSiderbar`, `founder`, `sort`, `status`, `created_time`, `updated_time`) VALUES ('d6cdf288-0d59-4da8-a270-a5a49006154b', 'a54c782b-b087-4aa1-a56e-7fc4aec746a9', 'button', NULL, NULL, NULL, NULL, 'dd8304e6-09e5-4fa8-8e56-bbefd4e69c0c', NULL, 'administrative:organization:edit', NULL, NULL, NULL, 0, 0, 0, 1, 1, 1, 1, 0, 1, 1, 'bf75a509-f90e-4a29-8bf7-470b581550f6', 1, 1, '2022-10-27 16:35:54', '2022-10-27 16:35:54');
INSERT INTO `xmw_menu` (`menu_id`, `name`, `menu_type`, `path`, `icon`, `component`, `redirect`, `parent_id`, `target`, `permission`, `layout`, `navTheme`, `headerTheme`, `hideChildrenInMenu`, `hideInMenu`, `hideInBreadcrumb`, `headerRender`, `footerRender`, `menuRender`, `menuHeaderRender`, `flatMenu`, `fixedHeader`, `fixSiderbar`, `founder`, `sort`, `status`, `created_time`, `updated_time`) VALUES ('dd8304e6-09e5-4fa8-8e56-bbefd4e69c0c', 'fdaf8a23-8777-46ff-9142-f30eb3e4d8ee', 'menu', '/administrative/organization', 'icon-organization', './Administrative/Organization', NULL, 'ce451a62-2ac4-44de-8202-cd8b0a702840', '_blank', 'administrative:organization', 'mix', 'dark', 'dark', 0, 0, 0, 1, 1, 1, 1, 0, 1, 1, 'bf75a509-f90e-4a29-8bf7-470b581550f6', 77, 1, '2022-10-27 16:33:12', '2023-01-11 10:06:35');
INSERT INTO `xmw_menu` (`menu_id`, `name`, `menu_type`, `path`, `icon`, `component`, `redirect`, `parent_id`, `target`, `permission`, `layout`, `navTheme`, `headerTheme`, `hideChildrenInMenu`, `hideInMenu`, `hideInBreadcrumb`, `headerRender`, `footerRender`, `menuRender`, `menuHeaderRender`, `flatMenu`, `fixedHeader`, `fixSiderbar`, `founder`, `sort`, `status`, `created_time`, `updated_time`) VALUES ('e0c357d8-cec8-417d-9261-89acab709719', '17b45197-2849-453e-bf33-05dadeb9562f', 'button', NULL, NULL, NULL, NULL, '2a78277f-988b-4ff5-91e4-03b3fc2a1660', NULL, 'store:list:delete', NULL, NULL, NULL, NULL, NULL, NULL, 1, 1, 1, 1, NULL, NULL, NULL, 'bf75a509-f90e-4a29-8bf7-470b581550f6', 1, 1, '2024-06-17 01:18:13', '2024-06-17 01:18:13');
INSERT INTO `xmw_menu` (`menu_id`, `name`, `menu_type`, `path`, `icon`, `component`, `redirect`, `parent_id`, `target`, `permission`, `layout`, `navTheme`, `headerTheme`, `hideChildrenInMenu`, `hideInMenu`, `hideInBreadcrumb`, `headerRender`, `footerRender`, `menuRender`, `menuHeaderRender`, `flatMenu`, `fixedHeader`, `fixSiderbar`, `founder`, `sort`, `status`, `created_time`, `updated_time`) VALUES ('e6edc216-38b7-49cd-b097-6e996a7d8316', '5073be03-8237-4fbb-9517-a10a05e6abc0', 'button', NULL, NULL, NULL, NULL, '562d45f9-e8ca-4ca4-8862-b9a44a3443cd', NULL, 'system:menu-management:delete', NULL, NULL, NULL, 0, 0, 0, 1, 1, 1, 1, 0, 1, 1, 'bf75a509-f90e-4a29-8bf7-470b581550f6', 1, 1, '2022-10-27 16:55:55', '2022-10-27 16:55:55');
INSERT INTO `xmw_menu` (`menu_id`, `name`, `menu_type`, `path`, `icon`, `component`, `redirect`, `parent_id`, `target`, `permission`, `layout`, `navTheme`, `headerTheme`, `hideChildrenInMenu`, `hideInMenu`, `hideInBreadcrumb`, `headerRender`, `footerRender`, `menuRender`, `menuHeaderRender`, `flatMenu`, `fixedHeader`, `fixSiderbar`, `founder`, `sort`, `status`, `created_time`, `updated_time`) VALUES ('ebb8abd4-3231-4e5b-a007-0f9103bf66e7', '3d3e87e0-1072-45e6-bec2-b1080e4646d8', 'button', NULL, NULL, NULL, NULL, '562d45f9-e8ca-4ca4-8862-b9a44a3443cd', NULL, 'system:menu-management:add', NULL, NULL, NULL, 0, 0, 0, 1, 1, 1, 1, 0, 1, 1, 'bf75a509-f90e-4a29-8bf7-470b581550f6', 1, 1, '2022-10-27 16:56:08', '2022-10-27 16:56:08');
INSERT INTO `xmw_menu` (`menu_id`, `name`, `menu_type`, `path`, `icon`, `component`, `redirect`, `parent_id`, `target`, `permission`, `layout`, `navTheme`, `headerTheme`, `hideChildrenInMenu`, `hideInMenu`, `hideInBreadcrumb`, `headerRender`, `footerRender`, `menuRender`, `menuHeaderRender`, `flatMenu`, `fixedHeader`, `fixSiderbar`, `founder`, `sort`, `status`, `created_time`, `updated_time`) VALUES ('f1eb0226-8ed7-4f80-ab42-08c27ed3f176', '67761aaf-1f58-4afa-97be-613221d397f2', 'button', NULL, NULL, NULL, NULL, '1acff778-5508-4724-b3a6-44b26396fd9e', NULL, 'system:internationalization:add-child', NULL, NULL, NULL, 0, 0, 0, 1, 1, 1, 1, 0, 1, 1, 'bf75a509-f90e-4a29-8bf7-470b581550f6', 1, 1, '2022-10-27 16:57:39', '2022-10-27 16:57:39');
INSERT INTO `xmw_menu` (`menu_id`, `name`, `menu_type`, `path`, `icon`, `component`, `redirect`, `parent_id`, `target`, `permission`, `layout`, `navTheme`, `headerTheme`, `hideChildrenInMenu`, `hideInMenu`, `hideInBreadcrumb`, `headerRender`, `footerRender`, `menuRender`, `menuHeaderRender`, `flatMenu`, `fixedHeader`, `fixSiderbar`, `founder`, `sort`, `status`, `created_time`, `updated_time`) VALUES ('f9f168a1-a31a-4105-b80d-9c38dcf0bd59', '83e02616-bb7a-4c02-97d4-bade828025f4', 'button', NULL, NULL, NULL, NULL, '1acff778-5508-4724-b3a6-44b26396fd9e', NULL, 'system:internationalization:delete', NULL, NULL, NULL, 0, 0, 0, 1, 1, 1, 1, 0, 1, 1, 'bf75a509-f90e-4a29-8bf7-470b581550f6', 1, 1, '2022-10-27 16:58:06', '2022-10-27 16:58:06');
COMMIT;

-- ----------------------------
-- Table structure for xmw_organization
-- ----------------------------
DROP TABLE IF EXISTS `xmw_organization`;
CREATE TABLE `xmw_organization` (
  `org_id` char(36) CHARACTER SET utf8mb4 COLLATE utf8mb4_0900_ai_ci NOT NULL COMMENT '组织id',
  `org_name` varchar(20) CHARACTER SET utf8mb4 COLLATE utf8mb4_0900_ai_ci NOT NULL COMMENT '组织名称',
  `parent_id` char(36) CHARACTER SET utf8mb4 COLLATE utf8mb4_bin DEFAULT NULL COMMENT '父级id',
  `org_code` varchar(32) CHARACTER SET utf8mb4 COLLATE utf8mb4_0900_ai_ci NOT NULL COMMENT '组织编码',
  `org_type` enum('group','company','unit','department') CHARACTER SET utf8mb4 COLLATE utf8mb4_0900_ai_ci NOT NULL COMMENT '组织类型（group:集团,company:公司,unit:单位,department:部门）',
  `org_logo` varchar(200) CHARACTER SET utf8mb4 COLLATE utf8mb4_0900_ai_ci DEFAULT NULL COMMENT '组织logo',
  `leader` char(36) CHARACTER SET utf8mb4 COLLATE utf8mb4_bin NOT NULL COMMENT '组织负责人',
  `founder` char(36) CHARACTER SET utf8mb4 COLLATE utf8mb4_bin NOT NULL COMMENT '创建人',
  `status` int NOT NULL DEFAULT '1' COMMENT '组织状态（0:禁用，1：正常）',
  `sort` int NOT NULL COMMENT '排序',
  `describe` varchar(200) CHARACTER SET utf8mb4 COLLATE utf8mb4_0900_ai_ci NOT NULL COMMENT '组织描述',
  `created_time` datetime NOT NULL,
  `updated_time` datetime NOT NULL,
  PRIMARY KEY (`org_id`) USING BTREE
) ENGINE=InnoDB DEFAULT CHARSET=utf8mb4 COLLATE=utf8mb4_0900_ai_ci ROW_FORMAT=DYNAMIC;

-- ----------------------------
-- Records of xmw_organization
-- ----------------------------
BEGIN;
INSERT INTO `xmw_organization` (`org_id`, `org_name`, `parent_id`, `org_code`, `org_type`, `org_logo`, `leader`, `founder`, `status`, `sort`, `describe`, `created_time`, `updated_time`) VALUES ('0d4b8083-72a8-4ec6-9365-b11ba32a1882', '泉州店', '739d9e0c-b570-4bfc-a75b-67c4be1b1af7', 'qzd', 'unit', '', 'bf75a509-f90e-4a29-8bf7-470b581550f6', '7887f679-32f0-47e2-8137-9d966281aa48', 1, 1, '..', '2024-06-14 02:40:51', '2024-06-14 02:41:06');
INSERT INTO `xmw_organization` (`org_id`, `org_name`, `parent_id`, `org_code`, `org_type`, `org_logo`, `leader`, `founder`, `status`, `sort`, `describe`, `created_time`, `updated_time`) VALUES ('5d1f4173-f311-4dfb-885d-46f666f7880c', '石狮店', '739d9e0c-b570-4bfc-a75b-67c4be1b1af7', 'ssd', 'unit', '', 'bf75a509-f90e-4a29-8bf7-470b581550f6', 'bf75a509-f90e-4a29-8bf7-470b581550f6', 1, 1, '..', '2024-06-14 03:09:10', '2024-06-14 03:16:06');
INSERT INTO `xmw_organization` (`org_id`, `org_name`, `parent_id`, `org_code`, `org_type`, `org_logo`, `leader`, `founder`, `status`, `sort`, `describe`, `created_time`, `updated_time`) VALUES ('739d9e0c-b570-4bfc-a75b-67c4be1b1af7', '妈咪巴士', NULL, 'mamibus', 'group', '', 'bf75a509-f90e-4a29-8bf7-470b581550f6', 'bf75a509-f90e-4a29-8bf7-470b581550f6', 1, 98, '~', '2022-12-01 18:21:22', '2024-06-28 12:54:38');
COMMIT;

-- ----------------------------
-- Table structure for xmw_permission
-- ----------------------------
DROP TABLE IF EXISTS `xmw_permission`;
CREATE TABLE `xmw_permission` (
  `permission_id` char(36) CHARACTER SET utf8mb4 COLLATE utf8mb4_bin NOT NULL COMMENT '权限id',
  `role_id` char(36) CHARACTER SET utf8mb4 COLLATE utf8mb4_bin DEFAULT NULL COMMENT '角色id',
  `menu_id` char(36) CHARACTER SET utf8mb4 COLLATE utf8mb4_bin DEFAULT NULL COMMENT '菜单id',
  `created_time` datetime NOT NULL,
  `updated_time` datetime NOT NULL,
  PRIMARY KEY (`permission_id`) USING BTREE,
  KEY `role_id` (`role_id`) USING BTREE,
  CONSTRAINT `xmw_permission_ibfk_1` FOREIGN KEY (`role_id`) REFERENCES `xmw_role` (`role_id`) ON DELETE CASCADE ON UPDATE CASCADE
) ENGINE=InnoDB DEFAULT CHARSET=utf8mb4 COLLATE=utf8mb4_0900_ai_ci ROW_FORMAT=DYNAMIC;

-- ----------------------------
-- Records of xmw_permission
-- ----------------------------
BEGIN;
INSERT INTO `xmw_permission` (`permission_id`, `role_id`, `menu_id`, `created_time`, `updated_time`) VALUES ('03a0a022-3fb2-42bb-9062-557c62d27b97', '25b6b8b0-9f60-4504-a759-9a2094369f67', 'd518e1bd-7440-4e15-b509-23353aec3205', '2024-06-28 11:05:50', '2024-06-28 11:05:50');
INSERT INTO `xmw_permission` (`permission_id`, `role_id`, `menu_id`, `created_time`, `updated_time`) VALUES ('03f7ed81-df12-44b9-9c80-41d988b38860', '4e0f29d0-5c0d-4a82-8c2d-86570838ddfd', 'b5c00c90-c7dc-4c9a-aa10-85e8c1959f8a', '2024-06-14 02:37:40', '2024-06-14 02:37:40');
INSERT INTO `xmw_permission` (`permission_id`, `role_id`, `menu_id`, `created_time`, `updated_time`) VALUES ('042a6ba8-08a1-431b-bbf6-5316e116a49c', 'd1ed7af5-b776-4cb9-a441-4967ad815f4b', '12373f1b-ae2a-48e7-ac06-ad4f15bb4975', '2024-06-14 02:34:45', '2024-06-14 02:34:45');
INSERT INTO `xmw_permission` (`permission_id`, `role_id`, `menu_id`, `created_time`, `updated_time`) VALUES ('05a6f9f1-9beb-43de-ad6b-9522775dde03', 'c49aeeca-bc95-444e-a437-a2d36e79def4', '7db8a7f0-2927-466d-9b70-dcc9ee748869', '2024-06-28 10:18:34', '2024-06-28 10:18:34');
INSERT INTO `xmw_permission` (`permission_id`, `role_id`, `menu_id`, `created_time`, `updated_time`) VALUES ('05bb557f-91a3-43bc-a245-28a20e430c4d', 'c49aeeca-bc95-444e-a437-a2d36e79def4', 'b5c00c90-c7dc-4c9a-aa10-85e8c1959f8a', '2024-06-28 10:18:34', '2024-06-28 10:18:34');
INSERT INTO `xmw_permission` (`permission_id`, `role_id`, `menu_id`, `created_time`, `updated_time`) VALUES ('07d48cc1-61b1-4a16-9cce-ecf80bc681a4', 'c49aeeca-bc95-444e-a437-a2d36e79def4', 'd6cdf288-0d59-4da8-a270-a5a49006154b', '2024-06-28 10:18:34', '2024-06-28 10:18:34');
INSERT INTO `xmw_permission` (`permission_id`, `role_id`, `menu_id`, `created_time`, `updated_time`) VALUES ('08fb8e82-d23f-468a-9afd-a9b7d7a5c2b0', 'c49aeeca-bc95-444e-a437-a2d36e79def4', '5fb7060c-7ed5-4d1c-ac6a-2d9f112ed9f1', '2024-06-28 10:18:34', '2024-06-28 10:18:34');
INSERT INTO `xmw_permission` (`permission_id`, `role_id`, `menu_id`, `created_time`, `updated_time`) VALUES ('09f0a495-c865-4524-863c-a952278ac3b2', '25b6b8b0-9f60-4504-a759-9a2094369f67', 'bf2dc72c-c524-4be3-a1cf-1da2bd853444', '2024-06-28 11:05:50', '2024-06-28 11:05:50');
INSERT INTO `xmw_permission` (`permission_id`, `role_id`, `menu_id`, `created_time`, `updated_time`) VALUES ('0b3f4635-5b9b-4501-82d4-d1207d9faa81', '25b6b8b0-9f60-4504-a759-9a2094369f67', 'f1eb0226-8ed7-4f80-ab42-08c27ed3f176', '2024-06-28 11:05:50', '2024-06-28 11:05:50');
INSERT INTO `xmw_permission` (`permission_id`, `role_id`, `menu_id`, `created_time`, `updated_time`) VALUES ('0e6c6256-cd6f-4f43-a2b5-ee36b8fb61c2', '25b6b8b0-9f60-4504-a759-9a2094369f67', '12373f1b-ae2a-48e7-ac06-ad4f15bb4975', '2024-06-28 11:05:50', '2024-06-28 11:05:50');
INSERT INTO `xmw_permission` (`permission_id`, `role_id`, `menu_id`, `created_time`, `updated_time`) VALUES ('0ff5170f-86b9-4c20-9a21-e5c9a097d44e', '25b6b8b0-9f60-4504-a759-9a2094369f67', '2e1d74aa-2356-4b26-8488-7c337ae306cc', '2024-06-28 11:05:50', '2024-06-28 11:05:50');
INSERT INTO `xmw_permission` (`permission_id`, `role_id`, `menu_id`, `created_time`, `updated_time`) VALUES ('16035dfa-554d-460b-9895-e52118bbfd01', '25b6b8b0-9f60-4504-a759-9a2094369f67', '3787908c-3fcc-415f-83a9-a9f3701269ef', '2024-06-28 11:05:50', '2024-06-28 11:05:50');
INSERT INTO `xmw_permission` (`permission_id`, `role_id`, `menu_id`, `created_time`, `updated_time`) VALUES ('17c61915-b968-4e87-8625-e0a438ccc9de', 'c49aeeca-bc95-444e-a437-a2d36e79def4', 'e6edc216-38b7-49cd-b097-6e996a7d8316', '2024-06-28 10:18:34', '2024-06-28 10:18:34');
INSERT INTO `xmw_permission` (`permission_id`, `role_id`, `menu_id`, `created_time`, `updated_time`) VALUES ('1a246ef8-8cbf-4cc8-a433-c2a092189322', 'c37e0d9c-536a-4a6f-b5d1-989d3d65240a', '3787908c-3fcc-415f-83a9-a9f3701269ef', '2024-06-14 02:36:12', '2024-06-14 02:36:12');
INSERT INTO `xmw_permission` (`permission_id`, `role_id`, `menu_id`, `created_time`, `updated_time`) VALUES ('1a411a35-dba4-4b0e-8a55-967c50af41f9', 'c49aeeca-bc95-444e-a437-a2d36e79def4', '2e1d74aa-2356-4b26-8488-7c337ae306cc', '2024-06-28 10:18:34', '2024-06-28 10:18:34');
INSERT INTO `xmw_permission` (`permission_id`, `role_id`, `menu_id`, `created_time`, `updated_time`) VALUES ('1adfd851-cb83-4d40-ac27-eb30a6acd6d7', 'd1ed7af5-b776-4cb9-a441-4967ad815f4b', '5bb63c89-e82a-4431-b80b-5c4e332a312e', '2024-06-14 02:34:45', '2024-06-14 02:34:45');
INSERT INTO `xmw_permission` (`permission_id`, `role_id`, `menu_id`, `created_time`, `updated_time`) VALUES ('1d20898e-5c40-41e2-87b1-f8242ca76248', '25b6b8b0-9f60-4504-a759-9a2094369f67', '526577a4-4944-4835-9245-ce218a2ef28d', '2024-06-28 11:05:50', '2024-06-28 11:05:50');
INSERT INTO `xmw_permission` (`permission_id`, `role_id`, `menu_id`, `created_time`, `updated_time`) VALUES ('1ddd666e-5e5a-40d4-af85-562822c2ea54', 'c37e0d9c-536a-4a6f-b5d1-989d3d65240a', 'bf2dc72c-c524-4be3-a1cf-1da2bd853444', '2024-06-14 02:36:12', '2024-06-14 02:36:12');
INSERT INTO `xmw_permission` (`permission_id`, `role_id`, `menu_id`, `created_time`, `updated_time`) VALUES ('1e2046d6-f080-4687-b423-4d61f64feb0f', 'c49aeeca-bc95-444e-a437-a2d36e79def4', '1acff778-5508-4724-b3a6-44b26396fd9e', '2024-06-28 10:18:34', '2024-06-28 10:18:34');
INSERT INTO `xmw_permission` (`permission_id`, `role_id`, `menu_id`, `created_time`, `updated_time`) VALUES ('1f400d26-6bd9-4ddb-8cbd-7a342b1cbbbd', 'c37e0d9c-536a-4a6f-b5d1-989d3d65240a', '1360556e-3106-48aa-a030-90edfd7073ea', '2024-06-14 02:36:12', '2024-06-14 02:36:12');
INSERT INTO `xmw_permission` (`permission_id`, `role_id`, `menu_id`, `created_time`, `updated_time`) VALUES ('1fad7ff0-8273-49d0-bdd0-18354aad826f', 'c49aeeca-bc95-444e-a437-a2d36e79def4', '38788fd7-fcc2-4d0d-85ec-016bf5a90520', '2024-06-28 10:18:34', '2024-06-28 10:18:34');
INSERT INTO `xmw_permission` (`permission_id`, `role_id`, `menu_id`, `created_time`, `updated_time`) VALUES ('206c1eed-08fd-4d36-8f7c-13944030692d', '25b6b8b0-9f60-4504-a759-9a2094369f67', '81c3b5d3-6715-49d2-a7b1-b4e3ba6b3732', '2024-06-28 11:05:50', '2024-06-28 11:05:50');
INSERT INTO `xmw_permission` (`permission_id`, `role_id`, `menu_id`, `created_time`, `updated_time`) VALUES ('211a8983-089e-44db-b6a2-fff99648d6bf', '4e0f29d0-5c0d-4a82-8c2d-86570838ddfd', '6628e05a-876b-4fa1-80df-95f8becf5f7a', '2024-06-14 02:37:40', '2024-06-14 02:37:40');
INSERT INTO `xmw_permission` (`permission_id`, `role_id`, `menu_id`, `created_time`, `updated_time`) VALUES ('21cdf36c-8a41-4828-b0a1-3087d7c22042', 'c49aeeca-bc95-444e-a437-a2d36e79def4', '1360556e-3106-48aa-a030-90edfd7073ea', '2024-06-28 10:18:34', '2024-06-28 10:18:34');
INSERT INTO `xmw_permission` (`permission_id`, `role_id`, `menu_id`, `created_time`, `updated_time`) VALUES ('21feb221-7f3a-4523-8aa1-73b3f2e99fec', '25b6b8b0-9f60-4504-a759-9a2094369f67', 'dd8304e6-09e5-4fa8-8e56-bbefd4e69c0c', '2024-06-28 11:05:50', '2024-06-28 11:05:50');
INSERT INTO `xmw_permission` (`permission_id`, `role_id`, `menu_id`, `created_time`, `updated_time`) VALUES ('2473a695-144b-4413-8eee-67ee58edbc6d', 'c49aeeca-bc95-444e-a437-a2d36e79def4', '4e70171f-a946-47e8-a471-d8cabd04c264', '2024-06-28 10:18:34', '2024-06-28 10:18:34');
INSERT INTO `xmw_permission` (`permission_id`, `role_id`, `menu_id`, `created_time`, `updated_time`) VALUES ('24fcccf7-730d-46f1-b369-1edb9aefe3cc', 'c49aeeca-bc95-444e-a437-a2d36e79def4', 'b074dbaa-03d5-4897-8d05-99f72969efd7', '2024-06-28 10:18:34', '2024-06-28 10:18:34');
INSERT INTO `xmw_permission` (`permission_id`, `role_id`, `menu_id`, `created_time`, `updated_time`) VALUES ('264da7ec-f256-4186-a6e7-1ebc7a1ccf08', 'c49aeeca-bc95-444e-a437-a2d36e79def4', '59a27556-69e9-4ecf-879f-fdd943fd190c', '2024-06-28 10:18:34', '2024-06-28 10:18:34');
INSERT INTO `xmw_permission` (`permission_id`, `role_id`, `menu_id`, `created_time`, `updated_time`) VALUES ('29b29dda-87ed-4c65-9f03-877ee8041dc9', 'd1ed7af5-b776-4cb9-a441-4967ad815f4b', '6628e05a-876b-4fa1-80df-95f8becf5f7a', '2024-06-14 02:34:45', '2024-06-14 02:34:45');
INSERT INTO `xmw_permission` (`permission_id`, `role_id`, `menu_id`, `created_time`, `updated_time`) VALUES ('2a8e35dc-293e-4b07-a5e9-97aaff1badea', 'd1ed7af5-b776-4cb9-a441-4967ad815f4b', 'dd8304e6-09e5-4fa8-8e56-bbefd4e69c0c', '2024-06-14 02:34:45', '2024-06-14 02:34:45');
INSERT INTO `xmw_permission` (`permission_id`, `role_id`, `menu_id`, `created_time`, `updated_time`) VALUES ('2c9d9482-39a0-45e1-9993-8f58239ca3e9', 'c49aeeca-bc95-444e-a437-a2d36e79def4', '7d221117-ec0b-407c-b0e3-af6372ac46cc', '2024-06-28 10:18:34', '2024-06-28 10:18:34');
INSERT INTO `xmw_permission` (`permission_id`, `role_id`, `menu_id`, `created_time`, `updated_time`) VALUES ('2ec9f6ce-c2b7-41fc-a9a4-eb0c0efefe2d', '25b6b8b0-9f60-4504-a759-9a2094369f67', '8a7a9690-2b7f-4fa1-9cc5-e8b8d41b86d3', '2024-06-28 11:05:50', '2024-06-28 11:05:50');
INSERT INTO `xmw_permission` (`permission_id`, `role_id`, `menu_id`, `created_time`, `updated_time`) VALUES ('3367de2c-5464-47fb-9cdc-9174c818b1a6', 'c37e0d9c-536a-4a6f-b5d1-989d3d65240a', '27d31604-2266-4eea-ab61-5577c62df04f', '2024-06-14 02:36:12', '2024-06-14 02:36:12');
INSERT INTO `xmw_permission` (`permission_id`, `role_id`, `menu_id`, `created_time`, `updated_time`) VALUES ('3453ab01-f900-4bc3-ba2d-cfe8db8085d9', 'c49aeeca-bc95-444e-a437-a2d36e79def4', '00d37222-d6b6-43ab-a459-b15610fdcbf3', '2024-06-28 10:18:34', '2024-06-28 10:18:34');
INSERT INTO `xmw_permission` (`permission_id`, `role_id`, `menu_id`, `created_time`, `updated_time`) VALUES ('34937f23-e41b-401e-b202-786d0424d711', 'c49aeeca-bc95-444e-a437-a2d36e79def4', 'c80bdcb6-36f7-4ec3-a7e1-7565675498ba', '2024-06-28 10:18:34', '2024-06-28 10:18:34');
INSERT INTO `xmw_permission` (`permission_id`, `role_id`, `menu_id`, `created_time`, `updated_time`) VALUES ('36ae4eec-e063-4d92-8dcc-12504595ef7f', '25b6b8b0-9f60-4504-a759-9a2094369f67', '7688d4a8-7214-446e-96d7-b65088af0dbb', '2024-06-28 11:05:50', '2024-06-28 11:05:50');
INSERT INTO `xmw_permission` (`permission_id`, `role_id`, `menu_id`, `created_time`, `updated_time`) VALUES ('37fcc3b6-1938-493e-8f53-3ca5e7eb56e3', 'd1ed7af5-b776-4cb9-a441-4967ad815f4b', 'ce451a62-2ac4-44de-8202-cd8b0a702840', '2024-06-14 02:34:45', '2024-06-14 02:34:45');
INSERT INTO `xmw_permission` (`permission_id`, `role_id`, `menu_id`, `created_time`, `updated_time`) VALUES ('385233d3-e41e-46a8-9570-2d38ffafba28', '25b6b8b0-9f60-4504-a759-9a2094369f67', '2710e59a-0b37-4ea7-b6aa-73ffe2298391', '2024-06-28 11:05:50', '2024-06-28 11:05:50');
INSERT INTO `xmw_permission` (`permission_id`, `role_id`, `menu_id`, `created_time`, `updated_time`) VALUES ('39d20155-20f0-4427-94ed-f51f215e5021', 'c49aeeca-bc95-444e-a437-a2d36e79def4', 'ce451a62-2ac4-44de-8202-cd8b0a702840', '2024-06-28 10:18:34', '2024-06-28 10:18:34');
INSERT INTO `xmw_permission` (`permission_id`, `role_id`, `menu_id`, `created_time`, `updated_time`) VALUES ('3e630ab7-5218-4762-b13f-389b63ee7a6a', 'c49aeeca-bc95-444e-a437-a2d36e79def4', 'b1945758-403e-4d90-a096-312b2b424ff3', '2024-06-28 10:18:34', '2024-06-28 10:18:34');
INSERT INTO `xmw_permission` (`permission_id`, `role_id`, `menu_id`, `created_time`, `updated_time`) VALUES ('3e86f72a-4fc3-4eb1-aa94-3e9473fe5765', 'd1ed7af5-b776-4cb9-a441-4967ad815f4b', '1360556e-3106-48aa-a030-90edfd7073ea', '2024-06-14 02:34:45', '2024-06-14 02:34:45');
INSERT INTO `xmw_permission` (`permission_id`, `role_id`, `menu_id`, `created_time`, `updated_time`) VALUES ('40cf5e1d-0324-46d5-8cc6-dcfcbdaf0ae6', 'c37e0d9c-536a-4a6f-b5d1-989d3d65240a', 'ce451a62-2ac4-44de-8202-cd8b0a702840', '2024-06-14 02:36:12', '2024-06-14 02:36:12');
INSERT INTO `xmw_permission` (`permission_id`, `role_id`, `menu_id`, `created_time`, `updated_time`) VALUES ('411302e7-46f6-4392-8347-bd5d417596b2', 'c49aeeca-bc95-444e-a437-a2d36e79def4', 'b6b55595-9929-4036-bcd3-b6016a642f25', '2024-06-28 10:18:34', '2024-06-28 10:18:34');
INSERT INTO `xmw_permission` (`permission_id`, `role_id`, `menu_id`, `created_time`, `updated_time`) VALUES ('464c4cbf-0322-4073-9825-33f9bcab3754', 'c49aeeca-bc95-444e-a437-a2d36e79def4', '3cac12d7-c35a-4b13-ac12-018bb72101bc', '2024-06-28 10:18:34', '2024-06-28 10:18:34');
INSERT INTO `xmw_permission` (`permission_id`, `role_id`, `menu_id`, `created_time`, `updated_time`) VALUES ('472c0916-c13d-4c16-9f52-ddb4df8c1d56', '4e0f29d0-5c0d-4a82-8c2d-86570838ddfd', 'dd8304e6-09e5-4fa8-8e56-bbefd4e69c0c', '2024-06-14 02:37:40', '2024-06-14 02:37:40');
INSERT INTO `xmw_permission` (`permission_id`, `role_id`, `menu_id`, `created_time`, `updated_time`) VALUES ('486f57e8-7cfe-4a32-97de-07d141c7e3e7', '25b6b8b0-9f60-4504-a759-9a2094369f67', '84baadf6-e32c-4b90-8537-353dc9b25adc', '2024-06-28 11:05:50', '2024-06-28 11:05:50');
INSERT INTO `xmw_permission` (`permission_id`, `role_id`, `menu_id`, `created_time`, `updated_time`) VALUES ('48a82bf4-ffae-4732-be8f-4d81aeba09f3', '25b6b8b0-9f60-4504-a759-9a2094369f67', '4e70171f-a946-47e8-a471-d8cabd04c264', '2024-06-28 11:05:50', '2024-06-28 11:05:50');
INSERT INTO `xmw_permission` (`permission_id`, `role_id`, `menu_id`, `created_time`, `updated_time`) VALUES ('48fe0a19-ee60-4530-8feb-777824e7ebdb', '25b6b8b0-9f60-4504-a759-9a2094369f67', 'ebb8abd4-3231-4e5b-a007-0f9103bf66e7', '2024-06-28 11:05:50', '2024-06-28 11:05:50');
INSERT INTO `xmw_permission` (`permission_id`, `role_id`, `menu_id`, `created_time`, `updated_time`) VALUES ('4aa15bb1-1901-4f08-aac9-404be10bb370', '4e0f29d0-5c0d-4a82-8c2d-86570838ddfd', '3787908c-3fcc-415f-83a9-a9f3701269ef', '2024-06-14 02:37:40', '2024-06-14 02:37:40');
INSERT INTO `xmw_permission` (`permission_id`, `role_id`, `menu_id`, `created_time`, `updated_time`) VALUES ('4ba23e87-53a8-445a-b67c-922381a0924a', '4e0f29d0-5c0d-4a82-8c2d-86570838ddfd', '2e1d74aa-2356-4b26-8488-7c337ae306cc', '2024-06-14 02:37:40', '2024-06-14 02:37:40');
INSERT INTO `xmw_permission` (`permission_id`, `role_id`, `menu_id`, `created_time`, `updated_time`) VALUES ('4c05b1f7-a672-412a-a491-f50aab5a662c', 'd1ed7af5-b776-4cb9-a441-4967ad815f4b', '59a27556-69e9-4ecf-879f-fdd943fd190c', '2024-06-14 02:34:45', '2024-06-14 02:34:45');
INSERT INTO `xmw_permission` (`permission_id`, `role_id`, `menu_id`, `created_time`, `updated_time`) VALUES ('50eb39cd-25d5-4436-b347-44f8a3af9525', '25b6b8b0-9f60-4504-a759-9a2094369f67', 'b6b55595-9929-4036-bcd3-b6016a642f25', '2024-06-28 11:05:50', '2024-06-28 11:05:50');
INSERT INTO `xmw_permission` (`permission_id`, `role_id`, `menu_id`, `created_time`, `updated_time`) VALUES ('545a5ac3-a92d-407b-80b0-ad0c4823fac0', '4e0f29d0-5c0d-4a82-8c2d-86570838ddfd', '96c2072e-54bd-4d49-a335-ec8a4b3efa7d', '2024-06-14 02:37:40', '2024-06-14 02:37:40');
INSERT INTO `xmw_permission` (`permission_id`, `role_id`, `menu_id`, `created_time`, `updated_time`) VALUES ('5460bea6-c5f2-44a2-9575-8e712e47295a', 'c37e0d9c-536a-4a6f-b5d1-989d3d65240a', '2e1d74aa-2356-4b26-8488-7c337ae306cc', '2024-06-14 02:36:12', '2024-06-14 02:36:12');
INSERT INTO `xmw_permission` (`permission_id`, `role_id`, `menu_id`, `created_time`, `updated_time`) VALUES ('5582a359-79ee-4c73-aa60-3731e73775fa', 'c49aeeca-bc95-444e-a437-a2d36e79def4', '84baadf6-e32c-4b90-8537-353dc9b25adc', '2024-06-28 10:18:34', '2024-06-28 10:18:34');
INSERT INTO `xmw_permission` (`permission_id`, `role_id`, `menu_id`, `created_time`, `updated_time`) VALUES ('587204b2-2b7d-488c-aafc-ecff160c2d9c', '25b6b8b0-9f60-4504-a759-9a2094369f67', 'cb5383ec-cd53-4692-84ba-48aa08f33062', '2024-06-28 11:05:50', '2024-06-28 11:05:50');
INSERT INTO `xmw_permission` (`permission_id`, `role_id`, `menu_id`, `created_time`, `updated_time`) VALUES ('589a9023-0d97-4d31-b05b-c044ed08eb1b', 'd1ed7af5-b776-4cb9-a441-4967ad815f4b', '2e1d74aa-2356-4b26-8488-7c337ae306cc', '2024-06-14 02:34:45', '2024-06-14 02:34:45');
INSERT INTO `xmw_permission` (`permission_id`, `role_id`, `menu_id`, `created_time`, `updated_time`) VALUES ('59b56d60-0e1d-48c3-9041-548403d37c98', 'c49aeeca-bc95-444e-a437-a2d36e79def4', '2195a25c-0b59-41f2-8965-e7784b706b56', '2024-06-28 10:18:34', '2024-06-28 10:18:34');
INSERT INTO `xmw_permission` (`permission_id`, `role_id`, `menu_id`, `created_time`, `updated_time`) VALUES ('5c01ade4-248f-4a52-9cc6-140e2ee23c13', '25b6b8b0-9f60-4504-a759-9a2094369f67', 'b1945758-403e-4d90-a096-312b2b424ff3', '2024-06-28 11:05:50', '2024-06-28 11:05:50');
INSERT INTO `xmw_permission` (`permission_id`, `role_id`, `menu_id`, `created_time`, `updated_time`) VALUES ('5cc6f7e7-5bed-48fb-84b8-480400b3abce', 'c49aeeca-bc95-444e-a437-a2d36e79def4', '7688d4a8-7214-446e-96d7-b65088af0dbb', '2024-06-28 10:18:34', '2024-06-28 10:18:34');
INSERT INTO `xmw_permission` (`permission_id`, `role_id`, `menu_id`, `created_time`, `updated_time`) VALUES ('5e07f26f-2108-4926-b506-a80204522316', '4e0f29d0-5c0d-4a82-8c2d-86570838ddfd', '981f9c37-8775-458a-983f-23e775eae472', '2024-06-14 02:37:40', '2024-06-14 02:37:40');
INSERT INTO `xmw_permission` (`permission_id`, `role_id`, `menu_id`, `created_time`, `updated_time`) VALUES ('5fc90cd3-019d-47d1-9d7a-a7e86a5345fe', 'c49aeeca-bc95-444e-a437-a2d36e79def4', 'c1a6ef88-72b0-4ddd-8179-85f7f9dc9294', '2024-06-28 10:18:34', '2024-06-28 10:18:34');
INSERT INTO `xmw_permission` (`permission_id`, `role_id`, `menu_id`, `created_time`, `updated_time`) VALUES ('604f460e-0391-4f36-80a0-8304a6be42fb', '4e0f29d0-5c0d-4a82-8c2d-86570838ddfd', '1360556e-3106-48aa-a030-90edfd7073ea', '2024-06-14 02:37:40', '2024-06-14 02:37:40');
INSERT INTO `xmw_permission` (`permission_id`, `role_id`, `menu_id`, `created_time`, `updated_time`) VALUES ('661427d7-f27a-4b61-870f-f1de7e7e852a', 'c49aeeca-bc95-444e-a437-a2d36e79def4', '5bb63c89-e82a-4431-b80b-5c4e332a312e', '2024-06-28 10:18:34', '2024-06-28 10:18:34');
INSERT INTO `xmw_permission` (`permission_id`, `role_id`, `menu_id`, `created_time`, `updated_time`) VALUES ('6b0b7890-e2b3-43ec-a106-b079359b076c', 'c49aeeca-bc95-444e-a437-a2d36e79def4', 'cb5383ec-cd53-4692-84ba-48aa08f33062', '2024-06-28 10:18:34', '2024-06-28 10:18:34');
INSERT INTO `xmw_permission` (`permission_id`, `role_id`, `menu_id`, `created_time`, `updated_time`) VALUES ('70671a5f-d2a5-43dc-afcf-fffec3fb755c', 'c49aeeca-bc95-444e-a437-a2d36e79def4', '51eb84b9-7f0e-481f-a5bf-caed18f7cab4', '2024-06-28 10:18:34', '2024-06-28 10:18:34');
INSERT INTO `xmw_permission` (`permission_id`, `role_id`, `menu_id`, `created_time`, `updated_time`) VALUES ('70a988cc-165f-4bc8-95ec-70af230a6094', 'c49aeeca-bc95-444e-a437-a2d36e79def4', '2beee81a-24b6-49c8-aa4f-22f5249f282d', '2024-06-28 10:18:34', '2024-06-28 10:18:34');
INSERT INTO `xmw_permission` (`permission_id`, `role_id`, `menu_id`, `created_time`, `updated_time`) VALUES ('7514fe81-94de-4176-9463-2289417f44fd', '25b6b8b0-9f60-4504-a759-9a2094369f67', 'b5c00c90-c7dc-4c9a-aa10-85e8c1959f8a', '2024-06-28 11:05:50', '2024-06-28 11:05:50');
INSERT INTO `xmw_permission` (`permission_id`, `role_id`, `menu_id`, `created_time`, `updated_time`) VALUES ('765bc84b-92e6-41e3-9931-61d7147e722f', '31938054-db3e-434f-a98e-7edc89c9c42f', '5bb63c89-e82a-4431-b80b-5c4e332a312e', '2024-06-14 02:35:43', '2024-06-14 02:35:43');
INSERT INTO `xmw_permission` (`permission_id`, `role_id`, `menu_id`, `created_time`, `updated_time`) VALUES ('782feaf2-25d3-42ec-b258-027f6dd37bf3', 'd1ed7af5-b776-4cb9-a441-4967ad815f4b', '81d6e4a1-68e5-4b4e-bf3b-851a7adc2e03', '2024-06-14 02:34:45', '2024-06-14 02:34:45');
INSERT INTO `xmw_permission` (`permission_id`, `role_id`, `menu_id`, `created_time`, `updated_time`) VALUES ('7a103477-a2e4-4aa5-a385-7ba1dab1eb05', 'c49aeeca-bc95-444e-a437-a2d36e79def4', '96c2072e-54bd-4d49-a335-ec8a4b3efa7d', '2024-06-28 10:18:34', '2024-06-28 10:18:34');
INSERT INTO `xmw_permission` (`permission_id`, `role_id`, `menu_id`, `created_time`, `updated_time`) VALUES ('7a3d7747-8bda-4b59-a408-94d3630b8527', '25b6b8b0-9f60-4504-a759-9a2094369f67', 'e0c357d8-cec8-417d-9261-89acab709719', '2024-06-28 11:05:50', '2024-06-28 11:05:50');
INSERT INTO `xmw_permission` (`permission_id`, `role_id`, `menu_id`, `created_time`, `updated_time`) VALUES ('7c6884f2-1715-418c-8366-169548acc16c', '25b6b8b0-9f60-4504-a759-9a2094369f67', 'f9f168a1-a31a-4105-b80d-9c38dcf0bd59', '2024-06-28 11:05:50', '2024-06-28 11:05:50');
INSERT INTO `xmw_permission` (`permission_id`, `role_id`, `menu_id`, `created_time`, `updated_time`) VALUES ('7d0f9064-c430-4c94-ae95-cec95f2843ac', '25b6b8b0-9f60-4504-a759-9a2094369f67', '17911862-bce9-4264-b541-7ee1d2c7ec13', '2024-06-28 11:05:50', '2024-06-28 11:05:50');
INSERT INTO `xmw_permission` (`permission_id`, `role_id`, `menu_id`, `created_time`, `updated_time`) VALUES ('7eb16553-3e7b-426d-bcf2-2aad721b6370', 'c49aeeca-bc95-444e-a437-a2d36e79def4', 'f1eb0226-8ed7-4f80-ab42-08c27ed3f176', '2024-06-28 10:18:34', '2024-06-28 10:18:34');
INSERT INTO `xmw_permission` (`permission_id`, `role_id`, `menu_id`, `created_time`, `updated_time`) VALUES ('805d4131-c07e-4133-8cfb-9d86a5680088', '25b6b8b0-9f60-4504-a759-9a2094369f67', '81abb19d-51f6-4256-a3d3-ed13a8cbd259', '2024-06-28 11:05:50', '2024-06-28 11:05:50');
INSERT INTO `xmw_permission` (`permission_id`, `role_id`, `menu_id`, `created_time`, `updated_time`) VALUES ('83d5fe0f-a16d-40c2-ba00-8140270c9346', '25b6b8b0-9f60-4504-a759-9a2094369f67', '81d6e4a1-68e5-4b4e-bf3b-851a7adc2e03', '2024-06-28 11:05:50', '2024-06-28 11:05:50');
INSERT INTO `xmw_permission` (`permission_id`, `role_id`, `menu_id`, `created_time`, `updated_time`) VALUES ('84798b98-3376-42da-82e9-0539bd712bd2', 'c49aeeca-bc95-444e-a437-a2d36e79def4', 'adbc5cd2-b238-45b5-91a5-48324e8ae96b', '2024-06-28 10:18:34', '2024-06-28 10:18:34');
INSERT INTO `xmw_permission` (`permission_id`, `role_id`, `menu_id`, `created_time`, `updated_time`) VALUES ('875ae95d-9e98-422e-9476-f558814c3bad', '25b6b8b0-9f60-4504-a759-9a2094369f67', '51eb84b9-7f0e-481f-a5bf-caed18f7cab4', '2024-06-28 11:05:50', '2024-06-28 11:05:50');
INSERT INTO `xmw_permission` (`permission_id`, `role_id`, `menu_id`, `created_time`, `updated_time`) VALUES ('87f44cd4-e923-428c-aeb0-7a2a13761c36', '25b6b8b0-9f60-4504-a759-9a2094369f67', '59a27556-69e9-4ecf-879f-fdd943fd190c', '2024-06-28 11:05:50', '2024-06-28 11:05:50');
INSERT INTO `xmw_permission` (`permission_id`, `role_id`, `menu_id`, `created_time`, `updated_time`) VALUES ('8c2a4ead-1934-45f5-a67d-ef58e48c1b29', 'c49aeeca-bc95-444e-a437-a2d36e79def4', '981f9c37-8775-458a-983f-23e775eae472', '2024-06-28 10:18:34', '2024-06-28 10:18:34');
INSERT INTO `xmw_permission` (`permission_id`, `role_id`, `menu_id`, `created_time`, `updated_time`) VALUES ('8cd19448-009b-437e-98fa-1899f6a72cd2', '25b6b8b0-9f60-4504-a759-9a2094369f67', '5fb7060c-7ed5-4d1c-ac6a-2d9f112ed9f1', '2024-06-28 11:05:50', '2024-06-28 11:05:50');
INSERT INTO `xmw_permission` (`permission_id`, `role_id`, `menu_id`, `created_time`, `updated_time`) VALUES ('8ce703d2-313d-426a-a472-802454fef757', '25b6b8b0-9f60-4504-a759-9a2094369f67', '96c2072e-54bd-4d49-a335-ec8a4b3efa7d', '2024-06-28 11:05:50', '2024-06-28 11:05:50');
INSERT INTO `xmw_permission` (`permission_id`, `role_id`, `menu_id`, `created_time`, `updated_time`) VALUES ('8dd14c86-75d6-46ab-8e66-05c800046c80', '25b6b8b0-9f60-4504-a759-9a2094369f67', 'adbc5cd2-b238-45b5-91a5-48324e8ae96b', '2024-06-28 11:05:50', '2024-06-28 11:05:50');
INSERT INTO `xmw_permission` (`permission_id`, `role_id`, `menu_id`, `created_time`, `updated_time`) VALUES ('90f617b4-ee29-4868-bc54-d6490660a6cf', 'c49aeeca-bc95-444e-a437-a2d36e79def4', 'ebb8abd4-3231-4e5b-a007-0f9103bf66e7', '2024-06-28 10:18:34', '2024-06-28 10:18:34');
INSERT INTO `xmw_permission` (`permission_id`, `role_id`, `menu_id`, `created_time`, `updated_time`) VALUES ('9389b2c5-b8f6-42d7-9bb4-42fc2e94ef87', '4e0f29d0-5c0d-4a82-8c2d-86570838ddfd', '81d6e4a1-68e5-4b4e-bf3b-851a7adc2e03', '2024-06-14 02:37:40', '2024-06-14 02:37:40');
INSERT INTO `xmw_permission` (`permission_id`, `role_id`, `menu_id`, `created_time`, `updated_time`) VALUES ('93e4e34b-ecfc-4839-8c51-d5f36653243b', 'c49aeeca-bc95-444e-a437-a2d36e79def4', 'bf2dc72c-c524-4be3-a1cf-1da2bd853444', '2024-06-28 10:18:34', '2024-06-28 10:18:34');
INSERT INTO `xmw_permission` (`permission_id`, `role_id`, `menu_id`, `created_time`, `updated_time`) VALUES ('95e281bd-fd1a-4702-87e8-8b65e78862a9', '25b6b8b0-9f60-4504-a759-9a2094369f67', 'b074dbaa-03d5-4897-8d05-99f72969efd7', '2024-06-28 11:05:50', '2024-06-28 11:05:50');
INSERT INTO `xmw_permission` (`permission_id`, `role_id`, `menu_id`, `created_time`, `updated_time`) VALUES ('96461e8f-32b8-44e4-9673-af93ebd887eb', 'c37e0d9c-536a-4a6f-b5d1-989d3d65240a', '2710e59a-0b37-4ea7-b6aa-73ffe2298391', '2024-06-14 02:36:12', '2024-06-14 02:36:12');
INSERT INTO `xmw_permission` (`permission_id`, `role_id`, `menu_id`, `created_time`, `updated_time`) VALUES ('96901841-bc5f-4789-bfe8-e8d3efba0717', '25b6b8b0-9f60-4504-a759-9a2094369f67', '7d221117-ec0b-407c-b0e3-af6372ac46cc', '2024-06-28 11:05:50', '2024-06-28 11:05:50');
INSERT INTO `xmw_permission` (`permission_id`, `role_id`, `menu_id`, `created_time`, `updated_time`) VALUES ('97610854-a184-4bb2-b96e-c1dfe403cd37', 'c49aeeca-bc95-444e-a437-a2d36e79def4', '27d31604-2266-4eea-ab61-5577c62df04f', '2024-06-28 10:18:34', '2024-06-28 10:18:34');
INSERT INTO `xmw_permission` (`permission_id`, `role_id`, `menu_id`, `created_time`, `updated_time`) VALUES ('9bb79661-ce93-418e-8530-ae89135a974e', '25b6b8b0-9f60-4504-a759-9a2094369f67', '6628e05a-876b-4fa1-80df-95f8becf5f7a', '2024-06-28 11:05:50', '2024-06-28 11:05:50');
INSERT INTO `xmw_permission` (`permission_id`, `role_id`, `menu_id`, `created_time`, `updated_time`) VALUES ('a006c158-9bde-451a-82bb-53a1692ad601', 'c49aeeca-bc95-444e-a437-a2d36e79def4', 'd518e1bd-7440-4e15-b509-23353aec3205', '2024-06-28 10:18:34', '2024-06-28 10:18:34');
INSERT INTO `xmw_permission` (`permission_id`, `role_id`, `menu_id`, `created_time`, `updated_time`) VALUES ('a07dcdd1-ae37-42b5-ba09-daec3bf7ee20', 'c49aeeca-bc95-444e-a437-a2d36e79def4', 'a991fd67-82cb-4b61-9baa-dfefbbcabd44', '2024-06-28 10:18:34', '2024-06-28 10:18:34');
INSERT INTO `xmw_permission` (`permission_id`, `role_id`, `menu_id`, `created_time`, `updated_time`) VALUES ('a0b03344-26d8-40f8-8c62-443040968c04', 'c49aeeca-bc95-444e-a437-a2d36e79def4', '255bcf4c-cfbd-4253-9c2d-0b03805e3ff0', '2024-06-28 10:18:34', '2024-06-28 10:18:34');
INSERT INTO `xmw_permission` (`permission_id`, `role_id`, `menu_id`, `created_time`, `updated_time`) VALUES ('a0d6f793-7055-47a3-950f-efd6265ad6a9', '25b6b8b0-9f60-4504-a759-9a2094369f67', '7db8a7f0-2927-466d-9b70-dcc9ee748869', '2024-06-28 11:05:50', '2024-06-28 11:05:50');
INSERT INTO `xmw_permission` (`permission_id`, `role_id`, `menu_id`, `created_time`, `updated_time`) VALUES ('a3f9183d-9a30-474b-b2d2-9fd3ee6557db', 'c37e0d9c-536a-4a6f-b5d1-989d3d65240a', '6628e05a-876b-4fa1-80df-95f8becf5f7a', '2024-06-14 02:36:12', '2024-06-14 02:36:12');
INSERT INTO `xmw_permission` (`permission_id`, `role_id`, `menu_id`, `created_time`, `updated_time`) VALUES ('a44edb14-c965-4cc7-902c-a5a99d420594', 'c49aeeca-bc95-444e-a437-a2d36e79def4', 'dd8304e6-09e5-4fa8-8e56-bbefd4e69c0c', '2024-06-28 10:18:34', '2024-06-28 10:18:34');
INSERT INTO `xmw_permission` (`permission_id`, `role_id`, `menu_id`, `created_time`, `updated_time`) VALUES ('a4ab0b1b-8c60-42bd-8d11-c8859c429df4', 'c49aeeca-bc95-444e-a437-a2d36e79def4', '22b1d1f4-2543-4fa9-8d45-c04d9d239c04', '2024-06-28 10:18:34', '2024-06-28 10:18:34');
INSERT INTO `xmw_permission` (`permission_id`, `role_id`, `menu_id`, `created_time`, `updated_time`) VALUES ('a51ceab5-5f61-4368-8edc-9673854abb4e', '4e0f29d0-5c0d-4a82-8c2d-86570838ddfd', 'ce451a62-2ac4-44de-8202-cd8b0a702840', '2024-06-14 02:37:40', '2024-06-14 02:37:40');
INSERT INTO `xmw_permission` (`permission_id`, `role_id`, `menu_id`, `created_time`, `updated_time`) VALUES ('a5a3ff22-61b5-4eab-b468-7fe143c791e3', '4e0f29d0-5c0d-4a82-8c2d-86570838ddfd', '5bb63c89-e82a-4431-b80b-5c4e332a312e', '2024-06-14 02:37:40', '2024-06-14 02:37:40');
INSERT INTO `xmw_permission` (`permission_id`, `role_id`, `menu_id`, `created_time`, `updated_time`) VALUES ('a6b5fce3-5028-4ed3-8170-c8702a2d4c4c', 'c37e0d9c-536a-4a6f-b5d1-989d3d65240a', '59a27556-69e9-4ecf-879f-fdd943fd190c', '2024-06-14 02:36:12', '2024-06-14 02:36:12');
INSERT INTO `xmw_permission` (`permission_id`, `role_id`, `menu_id`, `created_time`, `updated_time`) VALUES ('a6e0e385-14de-4d12-8ebc-ee6881edb47f', '25b6b8b0-9f60-4504-a759-9a2094369f67', '562d45f9-e8ca-4ca4-8862-b9a44a3443cd', '2024-06-28 11:05:50', '2024-06-28 11:05:50');
INSERT INTO `xmw_permission` (`permission_id`, `role_id`, `menu_id`, `created_time`, `updated_time`) VALUES ('a995af59-1f7e-4531-adb3-d4cd38fe9d1c', 'd1ed7af5-b776-4cb9-a441-4967ad815f4b', '981f9c37-8775-458a-983f-23e775eae472', '2024-06-14 02:34:45', '2024-06-14 02:34:45');
INSERT INTO `xmw_permission` (`permission_id`, `role_id`, `menu_id`, `created_time`, `updated_time`) VALUES ('a9a4dc75-894c-4c12-997e-d9d444c97521', '25b6b8b0-9f60-4504-a759-9a2094369f67', '27d31604-2266-4eea-ab61-5577c62df04f', '2024-06-28 11:05:50', '2024-06-28 11:05:50');
INSERT INTO `xmw_permission` (`permission_id`, `role_id`, `menu_id`, `created_time`, `updated_time`) VALUES ('aad579eb-de80-4f0e-b63e-d4ea8a66532b', '4e0f29d0-5c0d-4a82-8c2d-86570838ddfd', 'd6cdf288-0d59-4da8-a270-a5a49006154b', '2024-06-14 02:37:40', '2024-06-14 02:37:40');
INSERT INTO `xmw_permission` (`permission_id`, `role_id`, `menu_id`, `created_time`, `updated_time`) VALUES ('ac92d9b3-a1eb-4a05-be34-6eca8a4d1df0', '4e0f29d0-5c0d-4a82-8c2d-86570838ddfd', 'd518e1bd-7440-4e15-b509-23353aec3205', '2024-06-14 02:37:40', '2024-06-14 02:37:40');
INSERT INTO `xmw_permission` (`permission_id`, `role_id`, `menu_id`, `created_time`, `updated_time`) VALUES ('ae02078d-f88c-456b-bc69-d5ceb5c1cf8b', '25b6b8b0-9f60-4504-a759-9a2094369f67', '255bcf4c-cfbd-4253-9c2d-0b03805e3ff0', '2024-06-28 11:05:50', '2024-06-28 11:05:50');
INSERT INTO `xmw_permission` (`permission_id`, `role_id`, `menu_id`, `created_time`, `updated_time`) VALUES ('ae95739f-1016-4763-9b69-6b461852d892', '25b6b8b0-9f60-4504-a759-9a2094369f67', '062fada5-41b0-4a90-8632-49ef932ed354', '2024-06-28 11:05:50', '2024-06-28 11:05:50');
INSERT INTO `xmw_permission` (`permission_id`, `role_id`, `menu_id`, `created_time`, `updated_time`) VALUES ('b0a5bfc2-e1b2-4a2f-a91b-8b80c7dc5418', '25b6b8b0-9f60-4504-a759-9a2094369f67', '8cd56a7c-1521-47e4-821a-2ceb7bdf3959', '2024-06-28 11:05:50', '2024-06-28 11:05:50');
INSERT INTO `xmw_permission` (`permission_id`, `role_id`, `menu_id`, `created_time`, `updated_time`) VALUES ('b124481b-9e3f-4c83-bf68-79b3c57c102f', '25b6b8b0-9f60-4504-a759-9a2094369f67', '2a78277f-988b-4ff5-91e4-03b3fc2a1660', '2024-06-28 11:05:50', '2024-06-28 11:05:50');
INSERT INTO `xmw_permission` (`permission_id`, `role_id`, `menu_id`, `created_time`, `updated_time`) VALUES ('b372e8ae-8a2a-4d04-9fe1-c6b7f5919a4f', '25b6b8b0-9f60-4504-a759-9a2094369f67', '5bb63c89-e82a-4431-b80b-5c4e332a312e', '2024-06-28 11:05:50', '2024-06-28 11:05:50');
INSERT INTO `xmw_permission` (`permission_id`, `role_id`, `menu_id`, `created_time`, `updated_time`) VALUES ('b43fa748-a7e6-405c-ba61-948a09c97e31', 'c37e0d9c-536a-4a6f-b5d1-989d3d65240a', 'd6cdf288-0d59-4da8-a270-a5a49006154b', '2024-06-14 02:36:12', '2024-06-14 02:36:12');
INSERT INTO `xmw_permission` (`permission_id`, `role_id`, `menu_id`, `created_time`, `updated_time`) VALUES ('b4e7adac-95c5-4f7f-8ace-8959a1f0f82b', 'c49aeeca-bc95-444e-a437-a2d36e79def4', '12373f1b-ae2a-48e7-ac06-ad4f15bb4975', '2024-06-28 10:18:34', '2024-06-28 10:18:34');
INSERT INTO `xmw_permission` (`permission_id`, `role_id`, `menu_id`, `created_time`, `updated_time`) VALUES ('b5957814-4688-44c9-972d-74c1fb89d58d', '25b6b8b0-9f60-4504-a759-9a2094369f67', '38788fd7-fcc2-4d0d-85ec-016bf5a90520', '2024-06-28 11:05:50', '2024-06-28 11:05:50');
INSERT INTO `xmw_permission` (`permission_id`, `role_id`, `menu_id`, `created_time`, `updated_time`) VALUES ('b5c482a7-81ba-43fa-8751-70c3d93a9076', 'c49aeeca-bc95-444e-a437-a2d36e79def4', '81c3b5d3-6715-49d2-a7b1-b4e3ba6b3732', '2024-06-28 10:18:34', '2024-06-28 10:18:34');
INSERT INTO `xmw_permission` (`permission_id`, `role_id`, `menu_id`, `created_time`, `updated_time`) VALUES ('b70893c2-8d18-4ff2-8008-1777c9156b15', 'c49aeeca-bc95-444e-a437-a2d36e79def4', '062fada5-41b0-4a90-8632-49ef932ed354', '2024-06-28 10:18:34', '2024-06-28 10:18:34');
INSERT INTO `xmw_permission` (`permission_id`, `role_id`, `menu_id`, `created_time`, `updated_time`) VALUES ('bc159796-65b6-41fc-b5a4-2e717e9d860e', 'c49aeeca-bc95-444e-a437-a2d36e79def4', '3787908c-3fcc-415f-83a9-a9f3701269ef', '2024-06-28 10:18:34', '2024-06-28 10:18:34');
INSERT INTO `xmw_permission` (`permission_id`, `role_id`, `menu_id`, `created_time`, `updated_time`) VALUES ('bdca041e-c2cf-4dba-ae86-d92cede158a2', 'c49aeeca-bc95-444e-a437-a2d36e79def4', '6628e05a-876b-4fa1-80df-95f8becf5f7a', '2024-06-28 10:18:34', '2024-06-28 10:18:34');
INSERT INTO `xmw_permission` (`permission_id`, `role_id`, `menu_id`, `created_time`, `updated_time`) VALUES ('bf485247-0376-4e9f-9d46-93eefd3b2135', '25b6b8b0-9f60-4504-a759-9a2094369f67', '89d96f17-336c-492b-bda2-c5a00069236f', '2024-06-28 11:05:50', '2024-06-28 11:05:50');
INSERT INTO `xmw_permission` (`permission_id`, `role_id`, `menu_id`, `created_time`, `updated_time`) VALUES ('c079b4cf-83d2-415b-9d8d-5b41e4054778', 'c49aeeca-bc95-444e-a437-a2d36e79def4', '17911862-bce9-4264-b541-7ee1d2c7ec13', '2024-06-28 10:18:34', '2024-06-28 10:18:34');
INSERT INTO `xmw_permission` (`permission_id`, `role_id`, `menu_id`, `created_time`, `updated_time`) VALUES ('c396bc23-36f8-4d38-9091-3cd151cce5fc', '25b6b8b0-9f60-4504-a759-9a2094369f67', '1acff778-5508-4724-b3a6-44b26396fd9e', '2024-06-28 11:05:50', '2024-06-28 11:05:50');
INSERT INTO `xmw_permission` (`permission_id`, `role_id`, `menu_id`, `created_time`, `updated_time`) VALUES ('c4dfd5c0-4749-46a4-98a4-a6d52617b9d6', 'c49aeeca-bc95-444e-a437-a2d36e79def4', '562d45f9-e8ca-4ca4-8862-b9a44a3443cd', '2024-06-28 10:18:34', '2024-06-28 10:18:34');
INSERT INTO `xmw_permission` (`permission_id`, `role_id`, `menu_id`, `created_time`, `updated_time`) VALUES ('cc35c9d2-ad2d-4592-a879-457e53b125ba', '25b6b8b0-9f60-4504-a759-9a2094369f67', '00d37222-d6b6-43ab-a459-b15610fdcbf3', '2024-06-28 11:05:50', '2024-06-28 11:05:50');
INSERT INTO `xmw_permission` (`permission_id`, `role_id`, `menu_id`, `created_time`, `updated_time`) VALUES ('cef251cd-0c9a-497a-95a4-980f672faab9', '4e0f29d0-5c0d-4a82-8c2d-86570838ddfd', '27d31604-2266-4eea-ab61-5577c62df04f', '2024-06-14 02:37:40', '2024-06-14 02:37:40');
INSERT INTO `xmw_permission` (`permission_id`, `role_id`, `menu_id`, `created_time`, `updated_time`) VALUES ('d0781767-fb64-45a1-bc1c-13577e267590', 'c37e0d9c-536a-4a6f-b5d1-989d3d65240a', 'd518e1bd-7440-4e15-b509-23353aec3205', '2024-06-14 02:36:12', '2024-06-14 02:36:12');
INSERT INTO `xmw_permission` (`permission_id`, `role_id`, `menu_id`, `created_time`, `updated_time`) VALUES ('d3f1ab93-d033-476c-9453-406fc7149d99', '25b6b8b0-9f60-4504-a759-9a2094369f67', '2195a25c-0b59-41f2-8965-e7784b706b56', '2024-06-28 11:05:50', '2024-06-28 11:05:50');
INSERT INTO `xmw_permission` (`permission_id`, `role_id`, `menu_id`, `created_time`, `updated_time`) VALUES ('d440f6b5-867a-441c-befa-86c41f7ff387', '4e0f29d0-5c0d-4a82-8c2d-86570838ddfd', '12373f1b-ae2a-48e7-ac06-ad4f15bb4975', '2024-06-14 02:37:40', '2024-06-14 02:37:40');
INSERT INTO `xmw_permission` (`permission_id`, `role_id`, `menu_id`, `created_time`, `updated_time`) VALUES ('d58fa382-06f9-41a1-a9b4-2b33f27ccdb3', '25b6b8b0-9f60-4504-a759-9a2094369f67', '51aed341-5686-4d5d-a7e5-5495348d9213', '2024-06-28 11:05:50', '2024-06-28 11:05:50');
INSERT INTO `xmw_permission` (`permission_id`, `role_id`, `menu_id`, `created_time`, `updated_time`) VALUES ('d7b5d08a-58d3-4387-b216-87e2153f9b84', 'c49aeeca-bc95-444e-a437-a2d36e79def4', 'f9f168a1-a31a-4105-b80d-9c38dcf0bd59', '2024-06-28 10:18:34', '2024-06-28 10:18:34');
INSERT INTO `xmw_permission` (`permission_id`, `role_id`, `menu_id`, `created_time`, `updated_time`) VALUES ('d8688b89-69a7-4532-9510-b6c224ed9666', '25b6b8b0-9f60-4504-a759-9a2094369f67', 'd6cdf288-0d59-4da8-a270-a5a49006154b', '2024-06-28 11:05:50', '2024-06-28 11:05:50');
INSERT INTO `xmw_permission` (`permission_id`, `role_id`, `menu_id`, `created_time`, `updated_time`) VALUES ('d9da2393-d688-4d59-bc9d-6ddd57ced37f', '31938054-db3e-434f-a98e-7edc89c9c42f', '12373f1b-ae2a-48e7-ac06-ad4f15bb4975', '2024-06-14 02:35:43', '2024-06-14 02:35:43');
INSERT INTO `xmw_permission` (`permission_id`, `role_id`, `menu_id`, `created_time`, `updated_time`) VALUES ('dab3431d-57d3-4c57-a6fc-8b77ac3f9a60', '25b6b8b0-9f60-4504-a759-9a2094369f67', 'c80bdcb6-36f7-4ec3-a7e1-7565675498ba', '2024-06-28 11:05:50', '2024-06-28 11:05:50');
INSERT INTO `xmw_permission` (`permission_id`, `role_id`, `menu_id`, `created_time`, `updated_time`) VALUES ('db569247-468b-4fb0-b410-7679cbc5c303', 'c49aeeca-bc95-444e-a437-a2d36e79def4', '2a78277f-988b-4ff5-91e4-03b3fc2a1660', '2024-06-28 10:18:34', '2024-06-28 10:18:34');
INSERT INTO `xmw_permission` (`permission_id`, `role_id`, `menu_id`, `created_time`, `updated_time`) VALUES ('db979055-62aa-418b-9f98-fd333f15fefc', '25b6b8b0-9f60-4504-a759-9a2094369f67', 'a991fd67-82cb-4b61-9baa-dfefbbcabd44', '2024-06-28 11:05:50', '2024-06-28 11:05:50');
INSERT INTO `xmw_permission` (`permission_id`, `role_id`, `menu_id`, `created_time`, `updated_time`) VALUES ('dc35fb31-b4ad-49ce-bd02-8011ba2af36d', 'd1ed7af5-b776-4cb9-a441-4967ad815f4b', '3787908c-3fcc-415f-83a9-a9f3701269ef', '2024-06-14 02:34:45', '2024-06-14 02:34:45');
INSERT INTO `xmw_permission` (`permission_id`, `role_id`, `menu_id`, `created_time`, `updated_time`) VALUES ('dd0797b7-4013-47bd-99d6-829dac39c4ab', '25b6b8b0-9f60-4504-a759-9a2094369f67', '22b1d1f4-2543-4fa9-8d45-c04d9d239c04', '2024-06-28 11:05:50', '2024-06-28 11:05:50');
INSERT INTO `xmw_permission` (`permission_id`, `role_id`, `menu_id`, `created_time`, `updated_time`) VALUES ('dde6dcee-f053-44f6-a982-09df5dd5e5cc', '25b6b8b0-9f60-4504-a759-9a2094369f67', 'a5ab3924-f60a-4b20-8ff4-fb6333e1100a', '2024-06-28 11:05:50', '2024-06-28 11:05:50');
INSERT INTO `xmw_permission` (`permission_id`, `role_id`, `menu_id`, `created_time`, `updated_time`) VALUES ('de1eec1c-1b85-4b4c-a115-1ebdac9b945f', '25b6b8b0-9f60-4504-a759-9a2094369f67', '981f9c37-8775-458a-983f-23e775eae472', '2024-06-28 11:05:50', '2024-06-28 11:05:50');
INSERT INTO `xmw_permission` (`permission_id`, `role_id`, `menu_id`, `created_time`, `updated_time`) VALUES ('e182fa19-3ba1-48ba-ab8d-fc50c534f7b1', '4e0f29d0-5c0d-4a82-8c2d-86570838ddfd', '59a27556-69e9-4ecf-879f-fdd943fd190c', '2024-06-14 02:37:40', '2024-06-14 02:37:40');
INSERT INTO `xmw_permission` (`permission_id`, `role_id`, `menu_id`, `created_time`, `updated_time`) VALUES ('e1c95acf-016e-4015-a834-69af6f3eb738', 'd1ed7af5-b776-4cb9-a441-4967ad815f4b', 'd6cdf288-0d59-4da8-a270-a5a49006154b', '2024-06-14 02:34:45', '2024-06-14 02:34:45');
INSERT INTO `xmw_permission` (`permission_id`, `role_id`, `menu_id`, `created_time`, `updated_time`) VALUES ('e1f97b8e-0964-4bcc-bbc2-a32949d0e4be', 'c37e0d9c-536a-4a6f-b5d1-989d3d65240a', '96c2072e-54bd-4d49-a335-ec8a4b3efa7d', '2024-06-14 02:36:12', '2024-06-14 02:36:12');
INSERT INTO `xmw_permission` (`permission_id`, `role_id`, `menu_id`, `created_time`, `updated_time`) VALUES ('e3d33120-9b4e-4e67-a199-7923ca46a55b', '25b6b8b0-9f60-4504-a759-9a2094369f67', 'ce451a62-2ac4-44de-8202-cd8b0a702840', '2024-06-28 11:05:50', '2024-06-28 11:05:50');
INSERT INTO `xmw_permission` (`permission_id`, `role_id`, `menu_id`, `created_time`, `updated_time`) VALUES ('e3fc56a4-7fdd-429d-ac0e-ae50473a4a94', '25b6b8b0-9f60-4504-a759-9a2094369f67', '3cac12d7-c35a-4b13-ac12-018bb72101bc', '2024-06-28 11:05:50', '2024-06-28 11:05:50');
INSERT INTO `xmw_permission` (`permission_id`, `role_id`, `menu_id`, `created_time`, `updated_time`) VALUES ('e620393e-dcf4-414f-83b3-2ed3b8aab7c0', 'c49aeeca-bc95-444e-a437-a2d36e79def4', '81abb19d-51f6-4256-a3d3-ed13a8cbd259', '2024-06-28 10:18:34', '2024-06-28 10:18:34');
INSERT INTO `xmw_permission` (`permission_id`, `role_id`, `menu_id`, `created_time`, `updated_time`) VALUES ('e740a17f-1581-4aa5-abdc-0b900e299895', 'c37e0d9c-536a-4a6f-b5d1-989d3d65240a', 'b5c00c90-c7dc-4c9a-aa10-85e8c1959f8a', '2024-06-14 02:36:12', '2024-06-14 02:36:12');
INSERT INTO `xmw_permission` (`permission_id`, `role_id`, `menu_id`, `created_time`, `updated_time`) VALUES ('e8483b1b-68b5-45cf-8d3d-f285d6b3c577', '25b6b8b0-9f60-4504-a759-9a2094369f67', '2beee81a-24b6-49c8-aa4f-22f5249f282d', '2024-06-28 11:05:50', '2024-06-28 11:05:50');
INSERT INTO `xmw_permission` (`permission_id`, `role_id`, `menu_id`, `created_time`, `updated_time`) VALUES ('e89a786a-9389-47e3-95f5-e5d7459d022d', 'c49aeeca-bc95-444e-a437-a2d36e79def4', '81d6e4a1-68e5-4b4e-bf3b-851a7adc2e03', '2024-06-28 10:18:34', '2024-06-28 10:18:34');
INSERT INTO `xmw_permission` (`permission_id`, `role_id`, `menu_id`, `created_time`, `updated_time`) VALUES ('ea0a6bcb-9beb-422f-815c-2b1d6eaa2763', '4e0f29d0-5c0d-4a82-8c2d-86570838ddfd', 'bf2dc72c-c524-4be3-a1cf-1da2bd853444', '2024-06-14 02:37:40', '2024-06-14 02:37:40');
INSERT INTO `xmw_permission` (`permission_id`, `role_id`, `menu_id`, `created_time`, `updated_time`) VALUES ('eefde2f3-a915-4843-9575-a2fb35d1ed50', '25b6b8b0-9f60-4504-a759-9a2094369f67', 'e6edc216-38b7-49cd-b097-6e996a7d8316', '2024-06-28 11:05:50', '2024-06-28 11:05:50');
INSERT INTO `xmw_permission` (`permission_id`, `role_id`, `menu_id`, `created_time`, `updated_time`) VALUES ('ef58ea7c-a6d7-4fdd-b423-2445042729c2', 'c49aeeca-bc95-444e-a437-a2d36e79def4', 'e0c357d8-cec8-417d-9261-89acab709719', '2024-06-28 10:18:34', '2024-06-28 10:18:34');
INSERT INTO `xmw_permission` (`permission_id`, `role_id`, `menu_id`, `created_time`, `updated_time`) VALUES ('f2bc2832-3938-4a8a-9ea5-917c99508a04', 'c37e0d9c-536a-4a6f-b5d1-989d3d65240a', '981f9c37-8775-458a-983f-23e775eae472', '2024-06-14 02:36:12', '2024-06-14 02:36:12');
INSERT INTO `xmw_permission` (`permission_id`, `role_id`, `menu_id`, `created_time`, `updated_time`) VALUES ('f504d610-9bbd-47a1-a4ac-a0b2dd940e8d', '4e0f29d0-5c0d-4a82-8c2d-86570838ddfd', '2710e59a-0b37-4ea7-b6aa-73ffe2298391', '2024-06-14 02:37:40', '2024-06-14 02:37:40');
INSERT INTO `xmw_permission` (`permission_id`, `role_id`, `menu_id`, `created_time`, `updated_time`) VALUES ('f8e47328-c9e0-498c-891e-9b859aa4d049', 'd1ed7af5-b776-4cb9-a441-4967ad815f4b', 'd518e1bd-7440-4e15-b509-23353aec3205', '2024-06-14 02:34:45', '2024-06-14 02:34:45');
INSERT INTO `xmw_permission` (`permission_id`, `role_id`, `menu_id`, `created_time`, `updated_time`) VALUES ('f92ca40b-3cd5-4751-8a66-4255a3925ac6', 'c37e0d9c-536a-4a6f-b5d1-989d3d65240a', 'dd8304e6-09e5-4fa8-8e56-bbefd4e69c0c', '2024-06-14 02:36:12', '2024-06-14 02:36:12');
INSERT INTO `xmw_permission` (`permission_id`, `role_id`, `menu_id`, `created_time`, `updated_time`) VALUES ('fb613627-21d6-4225-a3ec-fb6762204e74', 'c37e0d9c-536a-4a6f-b5d1-989d3d65240a', '81d6e4a1-68e5-4b4e-bf3b-851a7adc2e03', '2024-06-14 02:36:12', '2024-06-14 02:36:12');
INSERT INTO `xmw_permission` (`permission_id`, `role_id`, `menu_id`, `created_time`, `updated_time`) VALUES ('fca6c33f-8e23-4d96-a4e3-468e8434917d', '25b6b8b0-9f60-4504-a759-9a2094369f67', '1360556e-3106-48aa-a030-90edfd7073ea', '2024-06-28 11:05:50', '2024-06-28 11:05:50');
INSERT INTO `xmw_permission` (`permission_id`, `role_id`, `menu_id`, `created_time`, `updated_time`) VALUES ('fe7736c7-b534-4aa4-be12-a11db92b8ce8', 'c49aeeca-bc95-444e-a437-a2d36e79def4', '8cd56a7c-1521-47e4-821a-2ceb7bdf3959', '2024-06-28 10:18:34', '2024-06-28 10:18:34');
INSERT INTO `xmw_permission` (`permission_id`, `role_id`, `menu_id`, `created_time`, `updated_time`) VALUES ('ff7acd4e-4cd6-4bd1-8920-a45b1a351e29', 'c49aeeca-bc95-444e-a437-a2d36e79def4', '2710e59a-0b37-4ea7-b6aa-73ffe2298391', '2024-06-28 10:18:34', '2024-06-28 10:18:34');
INSERT INTO `xmw_permission` (`permission_id`, `role_id`, `menu_id`, `created_time`, `updated_time`) VALUES ('ff96d8c0-7c9e-4efb-9e43-c05782e1cf96', '25b6b8b0-9f60-4504-a759-9a2094369f67', 'c1a6ef88-72b0-4ddd-8179-85f7f9dc9294', '2024-06-28 11:05:50', '2024-06-28 11:05:50');
COMMIT;

-- ----------------------------
-- Table structure for xmw_role
-- ----------------------------
DROP TABLE IF EXISTS `xmw_role`;
CREATE TABLE `xmw_role` (
  `role_id` char(36) CHARACTER SET utf8mb4 COLLATE utf8mb4_bin NOT NULL COMMENT '角色id',
  `role_name` varchar(20) CHARACTER SET utf8mb4 COLLATE utf8mb4_0900_ai_ci NOT NULL COMMENT '角色名称',
  `role_code` varchar(20) CHARACTER SET utf8mb4 COLLATE utf8mb4_0900_ai_ci NOT NULL COMMENT '角色编码',
  `describe` varchar(200) CHARACTER SET utf8mb4 COLLATE utf8mb4_0900_ai_ci NOT NULL COMMENT '角色描述',
  `founder` char(36) CHARACTER SET utf8mb4 COLLATE utf8mb4_bin NOT NULL COMMENT '创建人',
  `sort` int NOT NULL COMMENT '排序',
  `status` int NOT NULL COMMENT '角色状态（0:禁用，1：正常）',
  `created_time` datetime NOT NULL,
  `updated_time` datetime NOT NULL,
  PRIMARY KEY (`role_id`) USING BTREE
) ENGINE=InnoDB DEFAULT CHARSET=utf8mb4 COLLATE=utf8mb4_0900_ai_ci ROW_FORMAT=DYNAMIC;

-- ----------------------------
-- Records of xmw_role
-- ----------------------------
BEGIN;
INSERT INTO `xmw_role` (`role_id`, `role_name`, `role_code`, `describe`, `founder`, `sort`, `status`, `created_time`, `updated_time`) VALUES ('25b6b8b0-9f60-4504-a759-9a2094369f67', 'CEO', 'ceo', '..', 'bf75a509-f90e-4a29-8bf7-470b581550f6', 98, 1, '2024-06-14 02:35:11', '2024-06-28 11:05:50');
INSERT INTO `xmw_role` (`role_id`, `role_name`, `role_code`, `describe`, `founder`, `sort`, `status`, `created_time`, `updated_time`) VALUES ('31938054-db3e-434f-a98e-7edc89c9c42f', '一般员工', 'staff', '拥有指示面板菜单的权限', 'bf75a509-f90e-4a29-8bf7-470b581550f6', 1, 1, '2023-09-12 13:56:58', '2024-06-14 02:35:43');
INSERT INTO `xmw_role` (`role_id`, `role_name`, `role_code`, `describe`, `founder`, `sort`, `status`, `created_time`, `updated_time`) VALUES ('4e0f29d0-5c0d-4a82-8c2d-86570838ddfd', '经理', 'manager', '..', 'bf75a509-f90e-4a29-8bf7-470b581550f6', 90, 1, '2024-06-14 02:37:06', '2024-06-14 02:37:40');
INSERT INTO `xmw_role` (`role_id`, `role_name`, `role_code`, `describe`, `founder`, `sort`, `status`, `created_time`, `updated_time`) VALUES ('c37e0d9c-536a-4a6f-b5d1-989d3d65240a', '智能行政(业务员)', 'Administrative2', '拥有智能行政菜单的权限', 'bf75a509-f90e-4a29-8bf7-470b581550f6', 1, 1, '2023-09-12 13:55:06', '2024-06-14 02:36:12');
INSERT INTO `xmw_role` (`role_id`, `role_name`, `role_code`, `describe`, `founder`, `sort`, `status`, `created_time`, `updated_time`) VALUES ('c49aeeca-bc95-444e-a437-a2d36e79def4', '超级管理员', 'Super Admin', '拥有系统全部权限。', 'bf75a509-f90e-4a29-8bf7-470b581550f6', 99, 1, '2022-11-08 10:54:45', '2024-06-28 10:18:34');
INSERT INTO `xmw_role` (`role_id`, `role_name`, `role_code`, `describe`, `founder`, `sort`, `status`, `created_time`, `updated_time`) VALUES ('d1ed7af5-b776-4cb9-a441-4967ad815f4b', '店长', 'store-admin', '拥有系统部分权限', 'bf75a509-f90e-4a29-8bf7-470b581550f6', 88, 1, '2022-11-08 10:56:38', '2024-06-14 02:34:45');
COMMIT;

-- ----------------------------
-- Table structure for xmw_user
-- ----------------------------
DROP TABLE IF EXISTS `xmw_user`;
CREATE TABLE `xmw_user` (
  `user_id` char(36) CHARACTER SET utf8mb4 COLLATE utf8mb4_bin NOT NULL COMMENT '用户id',
  `user_name` varchar(20) CHARACTER SET utf8mb4 COLLATE utf8mb4_0900_ai_ci NOT NULL COMMENT '用户名称',
  `work_no` varchar(20) CHARACTER SET utf8mb4 COLLATE utf8mb4_0900_ai_ci NOT NULL COMMENT '用户工号',
  `password` varchar(50) CHARACTER SET utf8mb4 COLLATE utf8mb4_0900_ai_ci NOT NULL COMMENT '密码(加密)',
  `cn_name` varchar(20) CHARACTER SET utf8mb4 COLLATE utf8mb4_0900_ai_ci NOT NULL COMMENT '中文名',
  `en_name` varchar(20) CHARACTER SET utf8mb4 COLLATE utf8mb4_0900_ai_ci DEFAULT NULL COMMENT '英文名',
  `age` int NOT NULL COMMENT '年龄',
  `email` varchar(50) CHARACTER SET utf8mb4 COLLATE utf8mb4_0900_ai_ci DEFAULT NULL COMMENT '电子邮箱',
  `phone` varchar(11) CHARACTER SET utf8mb4 COLLATE utf8mb4_0900_ai_ci NOT NULL COMMENT '电话号码',
  `avatar_url` varchar(200) CHARACTER SET utf8mb4 COLLATE utf8mb4_0900_ai_ci DEFAULT NULL COMMENT '用户头像',
  `sex` enum('0','1','2') CHARACTER SET utf8mb4 COLLATE utf8mb4_0900_ai_ci NOT NULL COMMENT '用户性别(0:女,1:男,2:隐私)',
  `sort` int NOT NULL COMMENT '排序',
  `status` int NOT NULL DEFAULT '1' COMMENT '用户状态（0:禁用，1：正常）',
  `token` blob COMMENT 'token',
  `motto` varchar(50) CHARACTER SET utf8mb4 COLLATE utf8mb4_0900_ai_ci DEFAULT NULL COMMENT '座右铭',
  `tags` json DEFAULT NULL COMMENT '人物标签',
  `city` json DEFAULT NULL COMMENT '所属城市',
  `address` varchar(200) CHARACTER SET utf8mb4 COLLATE utf8mb4_0900_ai_ci DEFAULT NULL COMMENT '详细地址',
  `jobs_id` char(36) CHARACTER SET utf8mb4 COLLATE utf8mb4_bin NOT NULL COMMENT '岗位id',
  `org_id` char(36) CHARACTER SET utf8mb4 COLLATE utf8mb4_bin NOT NULL COMMENT '组织id',
  `role_id` char(36) CHARACTER SET utf8mb4 COLLATE utf8mb4_bin NOT NULL COMMENT '角色id',
  `founder` char(36) CHARACTER SET utf8mb4 COLLATE utf8mb4_bin NOT NULL COMMENT '创建人',
  `login_num` int NOT NULL DEFAULT '0' COMMENT '登录次数',
  `login_last_ip` varchar(50) CHARACTER SET utf8mb4 COLLATE utf8mb4_0900_ai_ci DEFAULT NULL COMMENT '最后一次登录ip',
  `login_last_time` datetime DEFAULT NULL COMMENT '最后一次登录时间',
  `created_time` datetime NOT NULL,
  `updated_time` datetime NOT NULL,
  PRIMARY KEY (`user_id`) USING BTREE,
  KEY `founder` (`founder`) USING BTREE,
  KEY `role_id` (`role_id`) USING BTREE,
  CONSTRAINT `xmw_user_ibfk_8` FOREIGN KEY (`founder`) REFERENCES `xmw_user` (`user_id`) ON DELETE RESTRICT ON UPDATE CASCADE,
  CONSTRAINT `xmw_user_ibfk_9` FOREIGN KEY (`role_id`) REFERENCES `xmw_role` (`role_id`) ON DELETE CASCADE ON UPDATE CASCADE
) ENGINE=InnoDB DEFAULT CHARSET=utf8mb4 COLLATE=utf8mb4_0900_ai_ci ROW_FORMAT=DYNAMIC;

-- ----------------------------
-- Records of xmw_user
-- ----------------------------
BEGIN;
INSERT INTO `xmw_user` (`user_id`, `user_name`, `work_no`, `password`, `cn_name`, `en_name`, `age`, `email`, `phone`, `avatar_url`, `sex`, `sort`, `status`, `token`, `motto`, `tags`, `city`, `address`, `jobs_id`, `org_id`, `role_id`, `founder`, `login_num`, `login_last_ip`, `login_last_time`, `created_time`, `updated_time`) VALUES ('7990a3ba-ca50-478f-8ece-05c84fa9b32d', 'quanzhou', '002', 'd9dPYdz8+ZmsXaEXhJ3dSg==', '泉州店', NULL, 18, NULL, '16620096152', NULL, '1', 1, 1, 0x65794A68624763694F694A49557A49314E694973496E523563434936496B705856434A392E65794A316332567958323568625755694F694A7864574675656D687664534973496E567A5A584A66615751694F6949334F546B7759544E695953316A595455774C5451334F4759744F47566A5A5330774E574D344E475A684F57497A4D6D51694C434A70595851694F6A45334D546B314E4455354E6A64392E78745033384F4B676D6D327043734F3475716B45736851354B7032434648497162796D5042794967393449, NULL, NULL, NULL, NULL, '6c93e5f3-f4e9-43be-9b00-9ba69677a2c2', '0d4b8083-72a8-4ec6-9365-b11ba32a1882', '25b6b8b0-9f60-4504-a759-9a2094369f67', 'bf75a509-f90e-4a29-8bf7-470b581550f6', 7, '::ffff:127.0.0.1', '2024-06-28 11:39:27', '2024-06-27 20:41:16', '2024-06-28 11:39:27');
INSERT INTO `xmw_user` (`user_id`, `user_name`, `work_no`, `password`, `cn_name`, `en_name`, `age`, `email`, `phone`, `avatar_url`, `sex`, `sort`, `status`, `token`, `motto`, `tags`, `city`, `address`, `jobs_id`, `org_id`, `role_id`, `founder`, `login_num`, `login_last_ip`, `login_last_time`, `created_time`, `updated_time`) VALUES ('a54baad4-7629-4338-ba0f-a17443362661', 'ssdadmin', '003', 'd9dPYdz8+ZmsXaEXhJ3dSg==', '石狮店', NULL, 18, NULL, '16620086151', NULL, '1', 1, 1, '', NULL, NULL, NULL, NULL, '4b90999b-2158-423a-8de5-1bf5b4e54ac7', '5d1f4173-f311-4dfb-885d-46f666f7880c', '25b6b8b0-9f60-4504-a759-9a2094369f67', 'bf75a509-f90e-4a29-8bf7-470b581550f6', 12, '::ffff:127.0.0.1', '2024-06-28 11:37:09', '2024-06-27 20:50:54', '2024-06-28 11:37:15');
INSERT INTO `xmw_user` (`user_id`, `user_name`, `work_no`, `password`, `cn_name`, `en_name`, `age`, `email`, `phone`, `avatar_url`, `sex`, `sort`, `status`, `token`, `motto`, `tags`, `city`, `address`, `jobs_id`, `org_id`, `role_id`, `founder`, `login_num`, `login_last_ip`, `login_last_time`, `created_time`, `updated_time`) VALUES ('bf75a509-f90e-4a29-8bf7-470b581550f6', 'admin', 'XMW001', 'IqDDrMKzGqHgIOW7ya8cMQ==', '威哥仔！', 'wy', 18, '418631670@qq.com', '16620096151', 'http://127.0.0.1:6688/static/image/2023-09-12/abf837e0-d149-48f0-8d0a-c078d74adfff.jpeg', '1', 99, 1, 0x65794A68624763694F694A49557A49314E694973496E523563434936496B705856434A392E65794A316332567958323568625755694F694A685A47317062694973496E567A5A584A66615751694F694A695A6A6331595455774F53316D4F54426C4C5452684D6A6B744F474A6D4E7930304E7A42694E5467784E5455775A6A59694C434A70595851694F6A45334D546B314F446B784E5456392E784B5A5A6F347132416E6C6C587847337965686572454877386D725A485373756E6B45652D315046706F63, '我曾踏足山巅 也曾跌落低谷 二者都使我受益良多', '[]', '[\"44\", \"4403\", \"440304\"]', 'new york', '4b90999b-2158-423a-8de5-1bf5b4e54ac7', '739d9e0c-b570-4bfc-a75b-67c4be1b1af7', 'c49aeeca-bc95-444e-a437-a2d36e79def4', 'bf75a509-f90e-4a29-8bf7-470b581550f6', 581, '::1', '2024-06-28 23:39:15', '2022-11-30 09:42:15', '2024-06-28 23:39:15');
COMMIT;

SET FOREIGN_KEY_CHECKS = 1;
